time,temperature_2m,relativehumidity_2m,precipitation,wind_speed_10m,pressure_msl,showers,rain,snowfall
2022-11-01 00:00:00,16.5,94,0.0,6.1,1011.5,0.0,0.0,0.0
2022-11-01 01:00:00,16.0,98,0.0,10.1,1011.3,0.0,0.0,0.0
2022-11-01 02:00:00,15.8,99,0.0,5.5,1011.5,0.0,0.0,0.0
2022-11-01 03:00:00,16.0,99,0.0,5.0,1011.4,0.0,0.0,0.0
2022-11-01 04:00:00,16.1,98,0.0,5.4,1011.2,0.0,0.0,0.0
2022-11-01 05:00:00,16.3,99,0.0,8.2,1011.3,0.0,0.0,0.0
2022-11-01 06:00:00,16.3,98,0.0,5.6,1011.9,0.0,0.0,0.0
2022-11-01 07:00:00,15.9,99,0.0,6.1,1012.2,0.0,0.0,0.0
2022-11-01 08:00:00,15.9,98,0.0,10.1,1012.7,0.0,0.0,0.0
2022-11-01 09:00:00,17.3,86,0.0,13.3,1013.2,0.0,0.0,0.0
2022-11-01 10:00:00,19.3,69,0.0,16.1,1013.5,0.0,0.0,0.0
2022-11-01 11:00:00,21.0,58,0.0,16.1,1013.6,0.0,0.0,0.0
2022-11-01 12:00:00,22.1,52,0.0,17.1,1013.4,0.0,0.0,0.0
2022-11-01 13:00:00,22.5,49,0.0,17.7,1012.4,0.0,0.0,0.0
2022-11-01 14:00:00,22.3,48,0.0,18.7,1011.9,0.0,0.0,0.0
2022-11-01 15:00:00,21.7,49,0.0,18.5,1011.8,0.0,0.0,0.0
2022-11-01 16:00:00,20.6,53,0.0,18.1,1011.9,0.0,0.0,0.0
2022-11-01 17:00:00,19.1,61,0.0,15.1,1012.1,0.0,0.0,0.0
2022-11-01 18:00:00,17.9,67,0.0,11.5,1012.9,0.0,0.0,0.0
2022-11-01 19:00:00,17.1,69,0.0,8.9,1013.5,0.0,0.0,0.0
2022-11-01 20:00:00,16.8,71,0.0,7.7,1013.8,0.0,0.0,0.0
2022-11-01 21:00:00,16.4,72,0.0,6.6,1014.4,0.0,0.0,0.0
2022-11-01 22:00:00,16.2,73,0.0,7.9,1015.0,0.0,0.0,0.0
2022-11-01 23:00:00,15.7,75,0.0,9.0,1015.3,0.0,0.0,0.0
2022-11-02 00:00:00,15.5,76,0.1,9.2,1015.1,0.0,0.1,0.0
2022-11-02 01:00:00,15.8,77,0.5,11.8,1014.9,0.0,0.5,0.0
2022-11-02 02:00:00,15.4,80,1.8,9.2,1014.9,0.0,1.8,0.0
2022-11-02 03:00:00,14.8,88,5.5,9.0,1015.1,0.0,5.5,0.0
2022-11-02 04:00:00,14.2,90,1.1,10.3,1014.8,0.0,1.1,0.0
2022-11-02 05:00:00,14.2,93,0.0,9.8,1015.4,0.0,0.0,0.0
2022-11-02 06:00:00,14.0,94,1.3,10.7,1015.2,0.0,1.3,0.0
2022-11-02 07:00:00,14.0,93,0.6,11.5,1015.3,0.0,0.6,0.0
2022-11-02 08:00:00,13.9,93,0.3,10.1,1015.8,0.0,0.3,0.0
2022-11-02 09:00:00,14.6,88,0.2,3.5,1016.5,0.0,0.2,0.0
2022-11-02 10:00:00,15.2,76,0.3,11.2,1016.7,0.0,0.3,0.0
2022-11-02 11:00:00,16.9,59,0.0,7.6,1016.2,0.0,0.0,0.0
2022-11-02 12:00:00,19.1,43,0.0,6.5,1015.9,0.0,0.0,0.0
2022-11-02 13:00:00,20.6,30,0.0,11.2,1015.0,0.0,0.0,0.0
2022-11-02 14:00:00,20.9,25,0.0,14.8,1014.4,0.0,0.0,0.0
2022-11-02 15:00:00,20.9,23,0.0,12.8,1014.0,0.0,0.0,0.0
2022-11-02 16:00:00,20.4,32,0.0,19.7,1013.8,0.0,0.0,0.0
2022-11-02 17:00:00,19.2,33,0.0,18.2,1014.4,0.0,0.0,0.0
2022-11-02 18:00:00,18.2,31,0.0,12.7,1014.5,0.0,0.0,0.0
2022-11-02 19:00:00,16.3,39,0.0,14.3,1015.2,0.0,0.0,0.0
2022-11-02 20:00:00,15.0,48,0.0,9.9,1015.1,0.0,0.0,0.0
2022-11-02 21:00:00,14.0,47,0.0,8.7,1015.2,0.0,0.0,0.0
2022-11-02 22:00:00,12.9,43,0.0,10.5,1015.5,0.0,0.0,0.0
2022-11-02 23:00:00,12.0,43,0.0,9.7,1015.8,0.0,0.0,0.0
2022-11-03 00:00:00,11.6,45,0.0,9.8,1015.9,0.0,0.0,0.0
2022-11-03 01:00:00,11.2,50,0.0,10.1,1015.8,0.0,0.0,0.0
2022-11-03 02:00:00,10.5,59,0.0,10.0,1015.6,0.0,0.0,0.0
2022-11-03 03:00:00,10.1,64,0.0,12.8,1015.5,0.0,0.0,0.0
2022-11-03 04:00:00,9.6,66,0.0,14.1,1015.5,0.0,0.0,0.0
2022-11-03 05:00:00,10.1,64,0.0,15.2,1015.7,0.0,0.0,0.0
2022-11-03 06:00:00,10.1,59,0.0,10.8,1015.7,0.0,0.0,0.0
2022-11-03 07:00:00,10.1,50,0.0,15.0,1016.2,0.0,0.0,0.0
2022-11-03 08:00:00,10.9,47,0.0,20.4,1016.9,0.0,0.0,0.0
2022-11-03 09:00:00,12.7,42,0.0,26.9,1017.5,0.0,0.0,0.0
2022-11-03 10:00:00,14.0,38,0.0,29.5,1017.9,0.0,0.0,0.0
2022-11-03 11:00:00,15.3,33,0.0,29.3,1017.9,0.0,0.0,0.0
2022-11-03 12:00:00,16.6,30,0.0,31.1,1017.7,0.0,0.0,0.0
2022-11-03 13:00:00,17.9,25,0.0,29.8,1016.9,0.0,0.0,0.0
2022-11-03 14:00:00,18.5,23,0.0,30.2,1016.2,0.0,0.0,0.0
2022-11-03 15:00:00,18.6,22,0.0,31.4,1016.3,0.0,0.0,0.0
2022-11-03 16:00:00,18.3,23,0.0,30.6,1016.6,0.0,0.0,0.0
2022-11-03 17:00:00,18.0,22,0.0,22.6,1017.2,0.0,0.0,0.0
2022-11-03 18:00:00,16.0,27,0.0,23.7,1017.7,0.0,0.0,0.0
2022-11-03 19:00:00,14.9,28,0.0,20.3,1018.9,0.0,0.0,0.0
2022-11-03 20:00:00,13.6,33,0.0,13.8,1019.7,0.0,0.0,0.0
2022-11-03 21:00:00,12.5,33,0.0,7.6,1020.3,0.0,0.0,0.0
2022-11-03 22:00:00,11.4,33,0.0,6.9,1021.4,0.0,0.0,0.0
2022-11-03 23:00:00,10.3,35,0.0,5.5,1021.9,0.0,0.0,0.0
2022-11-04 00:00:00,8.7,39,0.0,7.2,1022.0,0.0,0.0,0.0
2022-11-04 01:00:00,8.4,41,0.0,5.5,1022.5,0.0,0.0,0.0
2022-11-04 02:00:00,8.1,45,0.0,4.7,1022.8,0.0,0.0,0.0
2022-11-04 03:00:00,7.3,44,0.0,3.8,1022.9,0.0,0.0,0.0
2022-11-04 04:00:00,6.7,44,0.0,3.8,1023.0,0.0,0.0,0.0
2022-11-04 05:00:00,7.0,53,0.0,4.6,1023.8,0.0,0.0,0.0
2022-11-04 06:00:00,7.2,51,0.0,3.2,1024.0,0.0,0.0,0.0
2022-11-04 07:00:00,7.1,47,0.0,4.1,1024.6,0.0,0.0,0.0
2022-11-04 08:00:00,8.5,42,0.0,3.8,1025.2,0.0,0.0,0.0
2022-11-04 09:00:00,12.0,34,0.0,3.8,1025.6,0.0,0.0,0.0
2022-11-04 10:00:00,14.9,30,0.0,1.5,1025.3,0.0,0.0,0.0
2022-11-04 11:00:00,17.3,24,0.0,1.8,1025.3,0.0,0.0,0.0
2022-11-04 12:00:00,18.7,23,0.0,4.4,1025.0,0.0,0.0,0.0
2022-11-04 13:00:00,19.8,20,0.0,5.7,1023.9,0.0,0.0,0.0
2022-11-04 14:00:00,21.1,18,0.0,8.9,1022.7,0.0,0.0,0.0
2022-11-04 15:00:00,20.6,22,0.0,15.5,1022.1,0.0,0.0,0.0
2022-11-04 16:00:00,19.3,24,0.0,15.2,1021.9,0.0,0.0,0.0
2022-11-04 17:00:00,18.7,25,0.0,14.5,1022.0,0.0,0.0,0.0
2022-11-04 18:00:00,16.9,37,0.0,9.2,1021.9,0.0,0.0,0.0
2022-11-04 19:00:00,15.5,52,0.0,6.6,1022.3,0.0,0.0,0.0
2022-11-04 20:00:00,14.2,67,0.0,4.6,1022.4,0.0,0.0,0.0
2022-11-04 21:00:00,13.4,70,0.0,4.3,1022.6,0.0,0.0,0.0
2022-11-04 22:00:00,13.0,58,0.0,5.5,1022.8,0.0,0.0,0.0
2022-11-04 23:00:00,12.3,52,0.0,5.0,1022.7,0.0,0.0,0.0
2022-11-05 00:00:00,11.2,52,0.0,6.1,1022.1,0.0,0.0,0.0
2022-11-05 01:00:00,10.7,51,0.0,7.1,1021.4,0.0,0.0,0.0
2022-11-05 02:00:00,10.6,50,0.0,7.5,1020.6,0.0,0.0,0.0
2022-11-05 03:00:00,9.7,53,0.0,9.9,1020.1,0.0,0.0,0.0
2022-11-05 04:00:00,10.5,49,0.0,7.8,1019.3,0.0,0.0,0.0
2022-11-05 05:00:00,11.3,43,0.0,6.7,1019.1,0.0,0.0,0.0
2022-11-05 06:00:00,8.9,52,0.0,11.2,1018.9,0.0,0.0,0.0
2022-11-05 07:00:00,8.4,54,0.0,11.3,1018.8,0.0,0.0,0.0
2022-11-05 08:00:00,9.7,48,0.0,9.9,1019.0,0.0,0.0,0.0
2022-11-05 09:00:00,13.1,37,0.0,5.5,1019.3,0.0,0.0,0.0
2022-11-05 10:00:00,15.6,28,0.0,6.2,1018.9,0.0,0.0,0.0
2022-11-05 11:00:00,17.7,25,0.0,5.8,1018.3,0.0,0.0,0.0
2022-11-05 12:00:00,19.9,22,0.0,4.9,1017.5,0.0,0.0,0.0
2022-11-05 13:00:00,21.9,20,0.0,6.9,1016.0,0.0,0.0,0.0
2022-11-05 14:00:00,22.6,21,0.0,11.2,1014.7,0.0,0.0,0.0
2022-11-05 15:00:00,22.0,23,0.0,13.9,1014.1,0.0,0.0,0.0
2022-11-05 16:00:00,20.5,28,0.0,13.8,1013.7,0.0,0.0,0.0
2022-11-05 17:00:00,19.2,37,0.0,10.7,1013.5,0.0,0.0,0.0
2022-11-05 18:00:00,17.5,46,0.0,7.4,1013.4,0.0,0.0,0.0
2022-11-05 19:00:00,16.1,57,0.0,3.1,1013.5,0.0,0.0,0.0
2022-11-05 20:00:00,15.5,60,0.0,1.8,1014.0,0.0,0.0,0.0
2022-11-05 21:00:00,14.2,63,0.0,4.1,1014.1,0.0,0.0,0.0
2022-11-05 22:00:00,13.5,64,0.0,10.1,1014.0,0.0,0.0,0.0
2022-11-05 23:00:00,12.8,66,0.0,10.8,1013.8,0.0,0.0,0.0
2022-11-06 00:00:00,12.4,64,0.0,9.2,1013.5,0.0,0.0,0.0
2022-11-06 01:00:00,12.1,62,0.0,7.9,1013.2,0.0,0.0,0.0
2022-11-06 02:00:00,11.7,62,0.0,6.1,1013.1,0.0,0.0,0.0
2022-11-06 03:00:00,10.8,64,0.0,8.7,1012.8,0.0,0.0,0.0
2022-11-06 04:00:00,10.8,63,0.0,7.8,1012.6,0.0,0.0,0.0
2022-11-06 05:00:00,10.9,66,0.0,6.6,1012.9,0.0,0.0,0.0
2022-11-06 06:00:00,10.3,68,0.0,6.9,1013.2,0.0,0.0,0.0
2022-11-06 07:00:00,10.6,67,0.0,5.1,1013.3,0.0,0.0,0.0
2022-11-06 08:00:00,11.1,65,0.0,5.9,1013.6,0.0,0.0,0.0
2022-11-06 09:00:00,14.1,54,0.0,6.1,1014.0,0.0,0.0,0.0
2022-11-06 10:00:00,16.4,50,0.0,5.4,1014.0,0.0,0.0,0.0
2022-11-06 11:00:00,18.3,46,0.0,4.6,1014.0,0.0,0.0,0.0
2022-11-06 12:00:00,19.7,44,0.0,6.3,1013.6,0.0,0.0,0.0
2022-11-06 13:00:00,20.6,42,0.0,7.4,1012.8,0.0,0.0,0.0
2022-11-06 14:00:00,21.1,42,0.0,7.9,1011.8,0.0,0.0,0.0
2022-11-06 15:00:00,21.4,42,0.0,9.2,1011.2,0.0,0.0,0.0
2022-11-06 16:00:00,20.8,44,0.0,12.5,1010.9,0.0,0.0,0.0
2022-11-06 17:00:00,19.3,54,0.0,12.5,1011.2,0.0,0.0,0.0
2022-11-06 18:00:00,17.1,64,0.0,13.4,1011.5,0.0,0.0,0.0
2022-11-06 19:00:00,15.9,73,0.0,7.3,1012.2,0.0,0.0,0.0
2022-11-06 20:00:00,15.7,76,0.0,1.6,1012.7,0.0,0.0,0.0
2022-11-06 21:00:00,15.1,81,0.0,3.0,1013.3,0.0,0.0,0.0
2022-11-06 22:00:00,14.6,86,0.0,4.0,1013.5,0.0,0.0,0.0
2022-11-06 23:00:00,14.2,87,0.0,4.9,1013.9,0.0,0.0,0.0
2022-11-07 00:00:00,14.1,88,0.0,7.1,1014.1,0.0,0.0,0.0
2022-11-07 01:00:00,14.3,88,0.0,10.8,1013.9,0.0,0.0,0.0
2022-11-07 02:00:00,14.5,88,0.3,12.1,1013.9,0.0,0.3,0.0
2022-11-07 03:00:00,14.6,89,0.7,12.1,1014.0,0.0,0.7,0.0
2022-11-07 04:00:00,14.6,91,0.7,12.7,1013.7,0.0,0.7,0.0
2022-11-07 05:00:00,14.8,88,0.7,14.6,1013.8,0.0,0.7,0.0
2022-11-07 06:00:00,14.9,86,0.1,11.8,1014.2,0.0,0.1,0.0
2022-11-07 07:00:00,14.9,86,0.2,9.6,1014.6,0.0,0.2,0.0
2022-11-07 08:00:00,14.9,87,0.9,9.5,1014.8,0.0,0.9,0.0
2022-11-07 09:00:00,15.2,86,0.4,10.2,1015.3,0.0,0.4,0.0
2022-11-07 10:00:00,15.5,85,0.2,10.8,1015.3,0.0,0.2,0.0
2022-11-07 11:00:00,16.0,83,0.3,10.4,1015.4,0.0,0.3,0.0
2022-11-07 12:00:00,16.6,84,0.3,11.5,1014.9,0.0,0.3,0.0
2022-11-07 13:00:00,16.9,83,0.4,10.2,1014.2,0.0,0.4,0.0
2022-11-07 14:00:00,16.8,81,0.1,15.5,1013.6,0.0,0.1,0.0
2022-11-07 15:00:00,16.8,80,0.2,16.1,1013.3,0.0,0.2,0.0
2022-11-07 16:00:00,16.5,83,0.1,16.9,1013.2,0.0,0.1,0.0
2022-11-07 17:00:00,15.4,92,0.0,18.5,1013.4,0.0,0.0,0.0
2022-11-07 18:00:00,15.3,91,0.0,13.8,1013.6,0.0,0.0,0.0
2022-11-07 19:00:00,15.1,92,0.0,10.5,1014.0,0.0,0.0,0.0
2022-11-07 20:00:00,14.5,95,0.0,4.3,1014.5,0.0,0.0,0.0
2022-11-07 21:00:00,14.4,94,0.0,3.3,1014.6,0.0,0.0,0.0
2022-11-07 22:00:00,14.2,95,0.0,3.5,1014.4,0.0,0.0,0.0
2022-11-07 23:00:00,13.6,98,0.0,8.3,1014.2,0.0,0.0,0.0
2022-11-08 00:00:00,12.8,100,0.0,5.6,1013.8,0.0,0.0,0.0
2022-11-08 01:00:00,12.5,100,0.2,6.6,1014.2,0.0,0.2,0.0
2022-11-08 02:00:00,12.8,99,0.2,8.6,1013.4,0.0,0.2,0.0
2022-11-08 03:00:00,11.9,99,0.1,9.3,1013.1,0.0,0.1,0.0
2022-11-08 04:00:00,12.5,97,2.8,7.6,1012.6,0.0,2.8,0.0
2022-11-08 05:00:00,13.4,93,1.1,15.6,1011.3,0.0,1.1,0.0
2022-11-08 06:00:00,13.6,92,2.4,18.0,1011.1,0.0,2.4,0.0
2022-11-08 07:00:00,13.0,97,2.5,18.8,1010.4,0.0,2.5,0.0
2022-11-08 08:00:00,13.0,96,3.5,15.5,1010.6,0.0,3.5,0.0
2022-11-08 09:00:00,15.2,96,1.2,18.0,1011.0,0.0,1.2,0.0
2022-11-08 10:00:00,17.0,88,0.1,19.4,1011.2,0.0,0.1,0.0
2022-11-08 11:00:00,17.1,84,0.2,23.1,1011.0,0.0,0.2,0.0
2022-11-08 12:00:00,17.7,73,0.4,27.9,1010.7,0.0,0.4,0.0
2022-11-08 13:00:00,18.2,69,0.1,31.0,1010.6,0.0,0.1,0.0
2022-11-08 14:00:00,17.6,65,0.0,34.9,1009.9,0.0,0.0,0.0
2022-11-08 15:00:00,15.0,81,3.0,30.9,1010.1,0.0,3.0,0.0
2022-11-08 16:00:00,14.5,88,2.0,26.7,1009.9,0.0,2.0,0.0
2022-11-08 17:00:00,13.9,92,3.6,21.2,1008.9,0.0,3.6,0.0
2022-11-08 18:00:00,12.7,86,2.0,12.9,1009.9,0.0,2.0,0.0
2022-11-08 19:00:00,12.4,88,1.0,4.1,1010.8,0.0,1.0,0.0
2022-11-08 20:00:00,12.2,88,0.4,1.8,1011.4,0.0,0.4,0.0
2022-11-08 21:00:00,11.8,95,0.3,2.3,1011.6,0.0,0.3,0.0
2022-11-08 22:00:00,11.5,98,0.0,4.8,1012.3,0.0,0.0,0.0
2022-11-08 23:00:00,11.4,96,0.4,3.2,1012.8,0.0,0.4,0.0
2022-11-09 00:00:00,10.8,95,1.6,3.4,1012.9,0.0,1.6,0.0
2022-11-09 01:00:00,10.8,93,1.1,7.2,1013.4,0.0,1.1,0.0
2022-11-09 02:00:00,9.9,94,0.8,4.0,1013.9,0.0,0.8,0.0
2022-11-09 03:00:00,9.9,95,0.2,4.2,1014.4,0.0,0.2,0.0
2022-11-09 04:00:00,9.8,93,0.1,7.1,1014.4,0.0,0.1,0.0
2022-11-09 05:00:00,9.5,88,0.0,6.2,1014.7,0.0,0.0,0.0
2022-11-09 06:00:00,9.1,92,0.0,4.3,1015.2,0.0,0.0,0.0
2022-11-09 07:00:00,7.8,93,0.0,3.8,1016.0,0.0,0.0,0.0
2022-11-09 08:00:00,8.8,89,0.0,3.6,1017.1,0.0,0.0,0.0
2022-11-09 09:00:00,11.1,84,0.0,7.9,1018.2,0.0,0.0,0.0
2022-11-09 10:00:00,12.6,67,0.0,5.6,1018.9,0.0,0.0,0.0
2022-11-09 11:00:00,13.5,64,0.0,3.3,1019.1,0.0,0.0,0.0
2022-11-09 12:00:00,14.4,62,0.0,5.4,1019.2,0.0,0.0,0.0
2022-11-09 13:00:00,15.2,56,0.0,9.0,1018.5,0.0,0.0,0.0
2022-11-09 14:00:00,16.5,46,0.0,9.7,1017.7,0.0,0.0,0.0
2022-11-09 15:00:00,17.1,42,0.0,12.2,1017.3,0.0,0.0,0.0
2022-11-09 16:00:00,15.5,59,0.0,21.4,1017.6,0.0,0.0,0.0
2022-11-09 17:00:00,13.3,71,0.0,23.1,1018.2,0.0,0.0,0.0
2022-11-09 18:00:00,11.8,74,0.0,10.8,1018.8,0.0,0.0,0.0
2022-11-09 19:00:00,11.1,81,0.0,7.8,1019.5,0.0,0.0,0.0
2022-11-09 20:00:00,10.4,81,0.0,2.3,1020.0,0.0,0.0,0.0
2022-11-09 21:00:00,9.3,88,0.0,4.3,1020.5,0.0,0.0,0.0
2022-11-09 22:00:00,8.9,88,0.0,5.4,1021.0,0.0,0.0,0.0
2022-11-09 23:00:00,8.1,88,0.0,5.2,1021.1,0.0,0.0,0.0
2022-11-10 00:00:00,7.4,88,0.0,5.2,1021.0,0.0,0.0,0.0
2022-11-10 01:00:00,6.5,88,0.0,5.4,1020.9,0.0,0.0,0.0
2022-11-10 02:00:00,6.0,87,0.0,5.4,1020.7,0.0,0.0,0.0
2022-11-10 03:00:00,5.8,86,0.0,4.7,1020.3,0.0,0.0,0.0
2022-11-10 04:00:00,5.8,85,0.0,4.3,1020.0,0.0,0.0,0.0
2022-11-10 05:00:00,6.5,77,0.0,2.7,1019.2,0.0,0.0,0.0
2022-11-10 06:00:00,6.2,77,0.0,2.7,1019.2,0.0,0.0,0.0
2022-11-10 07:00:00,4.8,83,0.0,2.5,1019.5,0.0,0.0,0.0
2022-11-10 08:00:00,5.4,79,0.0,4.1,1020.2,0.0,0.0,0.0
2022-11-10 09:00:00,8.4,75,0.0,4.6,1020.8,0.0,0.0,0.0
2022-11-10 10:00:00,11.2,63,0.0,2.5,1020.9,0.0,0.0,0.0
2022-11-10 11:00:00,13.6,54,0.0,2.3,1020.7,0.0,0.0,0.0
2022-11-10 12:00:00,15.7,48,0.0,2.3,1020.6,0.0,0.0,0.0
2022-11-10 13:00:00,17.1,40,0.0,1.1,1019.7,0.0,0.0,0.0
2022-11-10 14:00:00,18.2,33,0.0,1.6,1018.9,0.0,0.0,0.0
2022-11-10 15:00:00,18.8,30,0.0,2.5,1018.3,0.0,0.0,0.0
2022-11-10 16:00:00,18.5,34,0.0,4.8,1018.0,0.0,0.0,0.0
2022-11-10 17:00:00,17.4,51,0.0,5.6,1017.8,0.0,0.0,0.0
2022-11-10 18:00:00,13.9,70,0.0,6.5,1018.0,0.0,0.0,0.0
2022-11-10 19:00:00,12.1,73,0.0,8.8,1018.3,0.0,0.0,0.0
2022-11-10 20:00:00,13.0,55,0.0,7.3,1018.8,0.0,0.0,0.0
2022-11-10 21:00:00,12.9,52,0.0,2.5,1019.2,0.0,0.0,0.0
2022-11-10 22:00:00,10.1,66,0.0,3.7,1019.2,0.0,0.0,0.0
2022-11-10 23:00:00,8.0,73,0.0,3.5,1019.3,0.0,0.0,0.0
2022-11-11 00:00:00,7.1,73,0.0,3.3,1019.4,0.0,0.0,0.0
2022-11-11 01:00:00,6.6,74,0.0,3.8,1019.4,0.0,0.0,0.0
2022-11-11 02:00:00,6.2,76,0.0,3.9,1019.1,0.0,0.0,0.0
2022-11-11 03:00:00,5.9,75,0.0,4.8,1018.9,0.0,0.0,0.0
2022-11-11 04:00:00,6.0,70,0.0,5.4,1018.5,0.0,0.0,0.0
2022-11-11 05:00:00,6.0,72,0.0,3.9,1018.3,0.0,0.0,0.0
2022-11-11 06:00:00,6.7,64,0.0,3.1,1018.6,0.0,0.0,0.0
2022-11-11 07:00:00,6.1,63,0.0,4.7,1018.7,0.0,0.0,0.0
2022-11-11 08:00:00,6.7,59,0.0,4.5,1018.7,0.0,0.0,0.0
2022-11-11 09:00:00,9.7,65,0.0,5.9,1019.1,0.0,0.0,0.0
2022-11-11 10:00:00,13.2,55,0.0,6.5,1019.4,0.0,0.0,0.0
2022-11-11 11:00:00,15.1,41,0.0,2.5,1019.3,0.0,0.0,0.0
2022-11-11 12:00:00,16.9,33,0.0,3.4,1019.2,0.0,0.0,0.0
2022-11-11 13:00:00,18.4,28,0.0,4.7,1018.3,0.0,0.0,0.0
2022-11-11 14:00:00,19.2,25,0.0,2.6,1017.5,0.0,0.0,0.0
2022-11-11 15:00:00,19.6,25,0.0,1.1,1017.0,0.0,0.0,0.0
2022-11-11 16:00:00,19.3,26,0.0,2.4,1016.7,0.0,0.0,0.0
2022-11-11 17:00:00,17.6,43,0.0,6.1,1016.1,0.0,0.0,0.0
2022-11-11 18:00:00,14.5,56,0.0,7.4,1016.2,0.0,0.0,0.0
2022-11-11 19:00:00,12.1,73,0.0,10.1,1016.7,0.0,0.0,0.0
2022-11-11 20:00:00,11.4,71,0.0,3.7,1016.8,0.0,0.0,0.0
2022-11-11 21:00:00,9.7,71,0.0,5.5,1016.8,0.0,0.0,0.0
2022-11-11 22:00:00,8.5,73,0.0,7.5,1017.2,0.0,0.0,0.0
2022-11-11 23:00:00,8.1,67,0.0,4.5,1017.7,0.0,0.0,0.0
2022-11-12 00:00:00,7.5,67,0.0,4.8,1017.7,0.0,0.0,0.0
2022-11-12 01:00:00,7.1,68,0.0,4.8,1017.5,0.0,0.0,0.0
2022-11-12 02:00:00,7.0,68,0.0,5.8,1017.3,0.0,0.0,0.0
2022-11-12 03:00:00,7.4,62,0.0,7.5,1017.2,0.0,0.0,0.0
2022-11-12 04:00:00,9.9,43,0.0,5.4,1016.9,0.0,0.0,0.0
2022-11-12 05:00:00,9.4,45,0.0,7.1,1016.7,0.0,0.0,0.0
2022-11-12 06:00:00,10.4,37,0.0,5.8,1016.9,0.0,0.0,0.0
2022-11-12 07:00:00,7.9,50,0.0,7.6,1017.4,0.0,0.0,0.0
2022-11-12 08:00:00,7.5,59,0.0,9.5,1017.7,0.0,0.0,0.0
2022-11-12 09:00:00,11.7,42,0.0,7.7,1018.2,0.0,0.0,0.0
2022-11-12 10:00:00,14.4,41,0.0,4.7,1018.6,0.0,0.0,0.0
2022-11-12 11:00:00,16.1,39,0.0,5.2,1018.5,0.0,0.0,0.0
2022-11-12 12:00:00,17.3,41,0.0,6.3,1018.0,0.0,0.0,0.0
2022-11-12 13:00:00,18.2,40,0.0,6.4,1017.1,0.0,0.0,0.0
2022-11-12 14:00:00,18.9,42,0.0,7.2,1016.4,0.0,0.0,0.0
2022-11-12 15:00:00,19.0,45,0.0,9.2,1016.1,0.0,0.0,0.0
2022-11-12 16:00:00,18.2,44,0.0,11.7,1016.1,0.0,0.0,0.0
2022-11-12 17:00:00,16.4,44,0.0,11.4,1015.9,0.0,0.0,0.0
2022-11-12 18:00:00,13.1,63,0.0,6.3,1016.0,0.0,0.0,0.0
2022-11-12 19:00:00,13.7,55,0.0,4.5,1016.2,0.0,0.0,0.0
2022-11-12 20:00:00,12.9,55,0.0,2.3,1016.3,0.0,0.0,0.0
2022-11-12 21:00:00,11.2,63,0.0,4.0,1016.4,0.0,0.0,0.0
2022-11-12 22:00:00,9.4,75,0.0,7.2,1016.4,0.0,0.0,0.0
2022-11-12 23:00:00,8.5,79,0.0,8.0,1016.3,0.0,0.0,0.0
2022-11-13 00:00:00,7.7,81,0.0,7.0,1016.4,0.0,0.0,0.0
2022-11-13 01:00:00,7.8,77,0.0,6.9,1016.1,0.0,0.0,0.0
2022-11-13 02:00:00,7.5,76,0.0,7.9,1016.0,0.0,0.0,0.0
2022-11-13 03:00:00,7.9,69,0.0,7.1,1015.8,0.0,0.0,0.0
2022-11-13 04:00:00,7.6,69,0.0,6.4,1016.0,0.0,0.0,0.0
2022-11-13 05:00:00,8.0,71,0.0,5.2,1015.8,0.0,0.0,0.0
2022-11-13 06:00:00,6.8,75,0.0,2.5,1015.9,0.0,0.0,0.0
2022-11-13 07:00:00,6.1,79,0.0,3.3,1015.9,0.0,0.0,0.0
2022-11-13 08:00:00,6.0,81,0.0,4.0,1016.4,0.0,0.0,0.0
2022-11-13 09:00:00,10.3,70,0.0,7.5,1016.8,0.0,0.0,0.0
2022-11-13 10:00:00,13.6,50,0.0,12.2,1016.4,0.0,0.0,0.0
2022-11-13 11:00:00,15.9,42,0.0,15.4,1016.4,0.0,0.0,0.0
2022-11-13 12:00:00,17.5,37,0.0,4.1,1016.0,0.0,0.0,0.0
2022-11-13 13:00:00,18.3,38,0.0,6.5,1015.4,0.0,0.0,0.0
2022-11-13 14:00:00,19.1,37,0.0,6.9,1015.0,0.0,0.0,0.0
2022-11-13 15:00:00,18.8,36,0.0,14.1,1014.7,0.0,0.0,0.0
2022-11-13 16:00:00,18.5,41,0.0,12.0,1014.8,0.0,0.0,0.0
2022-11-13 17:00:00,15.8,60,0.0,17.4,1015.0,0.0,0.0,0.0
2022-11-13 18:00:00,13.7,68,0.0,11.9,1015.2,0.0,0.0,0.0
2022-11-13 19:00:00,12.2,77,0.0,8.8,1015.9,0.0,0.0,0.0
2022-11-13 20:00:00,10.8,78,0.0,6.0,1016.7,0.0,0.0,0.0
2022-11-13 21:00:00,8.8,82,0.0,4.4,1017.4,0.0,0.0,0.0
2022-11-13 22:00:00,7.7,79,0.0,4.1,1018.2,0.0,0.0,0.0
2022-11-13 23:00:00,7.3,76,0.0,4.2,1018.6,0.0,0.0,0.0
2022-11-14 00:00:00,6.6,78,0.0,2.5,1018.7,0.0,0.0,0.0
2022-11-14 01:00:00,6.6,73,0.0,4.7,1019.3,0.0,0.0,0.0
2022-11-14 02:00:00,6.6,72,0.0,7.9,1019.5,0.0,0.0,0.0
2022-11-14 03:00:00,6.9,68,0.0,7.9,1019.6,0.0,0.0,0.0
2022-11-14 04:00:00,6.8,67,0.0,8.7,1019.2,0.0,0.0,0.0
2022-11-14 05:00:00,7.7,63,0.0,8.7,1019.1,0.0,0.0,0.0
2022-11-14 06:00:00,7.4,64,0.0,7.9,1019.2,0.0,0.0,0.0
2022-11-14 07:00:00,6.4,68,0.0,9.7,1019.4,0.0,0.0,0.0
2022-11-14 08:00:00,7.3,65,0.0,8.7,1020.0,0.0,0.0,0.0
2022-11-14 09:00:00,11.6,47,0.0,5.8,1020.4,0.0,0.0,0.0
2022-11-14 10:00:00,14.1,43,0.0,1.8,1020.8,0.0,0.0,0.0
2022-11-14 11:00:00,16.6,39,0.0,0.7,1020.6,0.0,0.0,0.0
2022-11-14 12:00:00,18.4,34,0.0,2.1,1020.2,0.0,0.0,0.0
2022-11-14 13:00:00,19.6,31,0.0,5.2,1019.5,0.0,0.0,0.0
2022-11-14 14:00:00,20.2,28,0.0,6.9,1019.0,0.0,0.0,0.0
2022-11-14 15:00:00,20.2,29,0.0,7.4,1018.5,0.0,0.0,0.0
2022-11-14 16:00:00,19.7,31,0.0,7.7,1018.2,0.0,0.0,0.0
2022-11-14 17:00:00,17.7,46,0.0,9.5,1018.1,0.0,0.0,0.0
2022-11-14 18:00:00,14.2,68,0.0,5.9,1018.4,0.0,0.0,0.0
2022-11-14 19:00:00,12.9,71,0.0,6.3,1018.7,0.0,0.0,0.0
2022-11-14 20:00:00,11.3,72,0.0,4.3,1018.8,0.0,0.0,0.0
2022-11-14 21:00:00,10.2,69,0.0,3.8,1018.8,0.0,0.0,0.0
2022-11-14 22:00:00,9.3,70,0.0,4.0,1018.9,0.0,0.0,0.0
2022-11-14 23:00:00,8.8,69,0.0,5.5,1019.3,0.0,0.0,0.0
2022-11-15 00:00:00,8.5,68,0.0,7.6,1019.5,0.0,0.0,0.0
2022-11-15 01:00:00,10.3,55,0.0,8.0,1019.6,0.0,0.0,0.0
2022-11-15 02:00:00,11.3,49,0.0,8.2,1019.4,0.0,0.0,0.0
2022-11-15 03:00:00,12.5,43,0.0,6.2,1019.4,0.0,0.0,0.0
2022-11-15 04:00:00,12.6,41,0.0,1.9,1019.4,0.0,0.0,0.0
2022-11-15 05:00:00,9.1,56,0.0,5.8,1019.3,0.0,0.0,0.0
2022-11-15 06:00:00,6.7,68,0.0,5.2,1019.4,0.0,0.0,0.0
2022-11-15 07:00:00,5.4,71,0.0,2.7,1019.3,0.0,0.0,0.0
2022-11-15 08:00:00,5.9,68,0.0,2.1,1019.7,0.0,0.0,0.0
2022-11-15 09:00:00,9.3,59,0.0,0.4,1020.1,0.0,0.0,0.0
2022-11-15 10:00:00,12.8,50,0.0,2.5,1020.4,0.0,0.0,0.0
2022-11-15 11:00:00,15.2,40,0.0,5.4,1020.2,0.0,0.0,0.0
2022-11-15 12:00:00,17.7,29,0.0,8.4,1020.0,0.0,0.0,0.0
2022-11-15 13:00:00,19.6,24,0.0,10.0,1018.9,0.0,0.0,0.0
2022-11-15 14:00:00,20.6,21,0.0,8.7,1018.7,0.0,0.0,0.0
2022-11-15 15:00:00,21.1,22,0.0,7.1,1018.5,0.0,0.0,0.0
2022-11-15 16:00:00,21.2,24,0.0,8.7,1018.6,0.0,0.0,0.0
2022-11-15 17:00:00,19.2,34,0.0,14.7,1018.6,0.0,0.0,0.0
2022-11-15 18:00:00,15.8,45,0.0,9.7,1019.1,0.0,0.0,0.0
2022-11-15 19:00:00,13.6,63,0.0,6.3,1019.7,0.0,0.0,0.0
2022-11-15 20:00:00,12.6,53,0.0,8.0,1020.3,0.0,0.0,0.0
2022-11-15 21:00:00,11.6,52,0.0,8.7,1020.9,0.0,0.0,0.0
2022-11-15 22:00:00,10.5,61,0.0,10.3,1021.4,0.0,0.0,0.0
2022-11-15 23:00:00,13.2,42,0.0,5.7,1021.7,0.0,0.0,0.0
2022-11-16 00:00:00,14.3,34,0.0,4.4,1021.8,0.0,0.0,0.0
2022-11-16 01:00:00,14.2,35,0.0,2.8,1021.8,0.0,0.0,0.0
2022-11-16 02:00:00,13.6,40,0.0,7.6,1021.8,0.0,0.0,0.0
2022-11-16 03:00:00,9.4,56,0.0,13.2,1021.8,0.0,0.0,0.0
2022-11-16 04:00:00,9.5,48,0.0,11.3,1021.8,0.0,0.0,0.0
2022-11-16 05:00:00,12.6,38,0.0,12.2,1022.1,0.0,0.0,0.0
2022-11-16 06:00:00,10.1,44,0.0,11.0,1022.4,0.0,0.0,0.0
2022-11-16 07:00:00,9.3,47,0.0,12.6,1023.4,0.0,0.0,0.0
2022-11-16 08:00:00,10.3,43,0.0,6.7,1024.1,0.0,0.0,0.0
2022-11-16 09:00:00,11.5,39,0.0,8.0,1024.7,0.0,0.0,0.0
2022-11-16 10:00:00,14.3,32,0.0,6.6,1025.0,0.0,0.0,0.0
2022-11-16 11:00:00,16.8,27,0.0,7.9,1025.4,0.0,0.0,0.0
2022-11-16 12:00:00,18.8,19,0.0,7.3,1025.0,0.0,0.0,0.0
2022-11-16 13:00:00,20.5,16,0.0,7.4,1024.0,0.0,0.0,0.0
2022-11-16 14:00:00,22.0,13,0.0,6.6,1023.3,0.0,0.0,0.0
2022-11-16 15:00:00,22.6,14,0.0,6.8,1022.9,0.0,0.0,0.0
2022-11-16 16:00:00,21.8,21,0.0,10.0,1022.7,0.0,0.0,0.0
2022-11-16 17:00:00,20.6,26,0.0,12.6,1022.3,0.0,0.0,0.0
2022-11-16 18:00:00,16.7,51,0.0,7.6,1022.4,0.0,0.0,0.0
2022-11-16 19:00:00,15.8,38,0.0,8.4,1022.8,0.0,0.0,0.0
2022-11-16 20:00:00,13.0,41,0.0,7.9,1023.2,0.0,0.0,0.0
2022-11-16 21:00:00,11.1,44,0.0,6.6,1023.5,0.0,0.0,0.0
2022-11-16 22:00:00,9.5,44,0.0,5.4,1024.1,0.0,0.0,0.0
2022-11-16 23:00:00,8.3,48,0.0,5.2,1024.1,0.0,0.0,0.0
2022-11-17 00:00:00,7.4,53,0.0,4.0,1024.0,0.0,0.0,0.0
2022-11-17 01:00:00,6.3,59,0.0,3.1,1023.6,0.0,0.0,0.0
2022-11-17 02:00:00,5.8,60,0.0,3.4,1023.5,0.0,0.0,0.0
2022-11-17 03:00:00,5.1,64,0.0,6.6,1023.4,0.0,0.0,0.0
2022-11-17 04:00:00,5.3,60,0.0,5.4,1023.5,0.0,0.0,0.0
2022-11-17 05:00:00,5.8,57,0.0,5.9,1022.9,0.0,0.0,0.0
2022-11-17 06:00:00,5.6,56,0.0,4.8,1022.6,0.0,0.0,0.0
2022-11-17 07:00:00,5.1,56,0.0,5.0,1022.9,0.0,0.0,0.0
2022-11-17 08:00:00,5.7,55,0.0,3.3,1023.2,0.0,0.0,0.0
2022-11-17 09:00:00,9.5,49,0.0,2.2,1023.4,0.0,0.0,0.0
2022-11-17 10:00:00,13.9,39,0.0,3.1,1023.3,0.0,0.0,0.0
2022-11-17 11:00:00,16.7,28,0.0,4.9,1023.2,0.0,0.0,0.0
2022-11-17 12:00:00,19.5,20,0.0,3.9,1022.4,0.0,0.0,0.0
2022-11-17 13:00:00,21.6,15,0.0,1.8,1021.0,0.0,0.0,0.0
2022-11-17 14:00:00,23.0,13,0.0,1.8,1019.7,0.0,0.0,0.0
2022-11-17 15:00:00,23.8,13,0.0,5.9,1019.1,0.0,0.0,0.0
2022-11-17 16:00:00,23.2,15,0.0,9.9,1018.7,0.0,0.0,0.0
2022-11-17 17:00:00,19.6,34,0.0,15.0,1018.1,0.0,0.0,0.0
2022-11-17 18:00:00,16.5,57,0.0,6.8,1017.9,0.0,0.0,0.0
2022-11-17 19:00:00,15.8,63,0.0,2.3,1017.9,0.0,0.0,0.0
2022-11-17 20:00:00,13.6,54,0.0,5.6,1017.8,0.0,0.0,0.0
2022-11-17 21:00:00,11.1,56,0.0,4.8,1017.9,0.0,0.0,0.0
2022-11-17 22:00:00,10.3,52,0.0,4.8,1018.1,0.0,0.0,0.0
2022-11-17 23:00:00,9.7,53,0.0,6.3,1018.1,0.0,0.0,0.0
2022-11-18 00:00:00,11.1,44,0.0,7.7,1017.7,0.0,0.0,0.0
2022-11-18 01:00:00,13.0,33,0.0,5.7,1017.4,0.0,0.0,0.0
2022-11-18 02:00:00,10.5,41,0.0,6.1,1017.0,0.0,0.0,0.0
2022-11-18 03:00:00,10.7,37,0.0,6.1,1016.6,0.0,0.0,0.0
2022-11-18 04:00:00,12.9,28,0.0,7.2,1016.1,0.0,0.0,0.0
2022-11-18 05:00:00,10.2,39,0.0,9.7,1015.6,0.0,0.0,0.0
2022-11-18 06:00:00,7.3,50,0.0,13.1,1015.3,0.0,0.0,0.0
2022-11-18 07:00:00,6.4,53,0.0,13.9,1015.5,0.0,0.0,0.0
2022-11-18 08:00:00,6.9,52,0.0,12.6,1016.1,0.0,0.0,0.0
2022-11-18 09:00:00,11.5,36,0.0,6.1,1016.1,0.0,0.0,0.0
2022-11-18 10:00:00,14.3,35,0.0,7.9,1015.9,0.0,0.0,0.0
2022-11-18 11:00:00,16.2,49,0.0,7.6,1015.7,0.0,0.0,0.0
2022-11-18 12:00:00,17.8,43,0.0,5.8,1015.2,0.0,0.0,0.0
2022-11-18 13:00:00,19.3,36,0.0,5.4,1014.0,0.0,0.0,0.0
2022-11-18 14:00:00,20.3,33,0.0,4.5,1013.2,0.0,0.0,0.0
2022-11-18 15:00:00,20.9,32,0.0,4.5,1012.8,0.0,0.0,0.0
2022-11-18 16:00:00,20.7,33,0.0,2.4,1012.9,0.0,0.0,0.0
2022-11-18 17:00:00,19.9,36,0.0,7.8,1013.0,0.0,0.0,0.0
2022-11-18 18:00:00,17.0,54,0.0,6.8,1013.3,0.0,0.0,0.0
2022-11-18 19:00:00,14.7,77,0.0,6.6,1013.8,0.0,0.0,0.0
2022-11-18 20:00:00,15.5,68,0.0,0.5,1014.2,0.0,0.0,0.0
2022-11-18 21:00:00,12.5,79,0.0,5.9,1014.8,0.0,0.0,0.0
2022-11-18 22:00:00,11.6,69,0.0,3.9,1015.4,0.0,0.0,0.0
2022-11-18 23:00:00,10.6,57,0.0,2.6,1015.8,0.0,0.0,0.0
2022-11-19 00:00:00,9.6,49,0.0,2.3,1016.1,0.0,0.0,0.0
2022-11-19 01:00:00,8.6,48,0.0,2.2,1015.9,0.0,0.0,0.0
2022-11-19 02:00:00,8.8,48,0.0,5.9,1015.9,0.0,0.0,0.0
2022-11-19 03:00:00,11.6,35,0.0,4.1,1015.8,0.0,0.0,0.0
2022-11-19 04:00:00,12.2,36,0.0,4.4,1015.8,0.0,0.0,0.0
2022-11-19 05:00:00,12.6,33,0.0,6.1,1015.9,0.0,0.0,0.0
2022-11-19 06:00:00,9.1,50,0.0,9.8,1016.3,0.0,0.0,0.0
2022-11-19 07:00:00,8.2,50,0.0,9.7,1016.7,0.0,0.0,0.0
2022-11-19 08:00:00,8.6,46,0.0,8.4,1017.6,0.0,0.0,0.0
2022-11-19 09:00:00,11.3,37,0.0,6.7,1018.4,0.0,0.0,0.0
2022-11-19 10:00:00,15.1,30,0.0,8.8,1019.1,0.0,0.0,0.0
2022-11-19 11:00:00,18.4,18,0.0,8.4,1019.2,0.0,0.0,0.0
2022-11-19 12:00:00,21.1,13,0.0,7.3,1018.8,0.0,0.0,0.0
2022-11-19 13:00:00,22.5,13,0.0,5.1,1018.1,0.0,0.0,0.0
2022-11-19 14:00:00,23.2,12,0.0,4.3,1017.4,0.0,0.0,0.0
2022-11-19 15:00:00,23.5,11,0.0,1.5,1017.2,0.0,0.0,0.0
2022-11-19 16:00:00,23.3,10,0.0,1.8,1017.2,0.0,0.0,0.0
2022-11-19 17:00:00,22.1,12,0.0,11.8,1017.0,0.0,0.0,0.0
2022-11-19 18:00:00,18.9,15,0.0,14.3,1017.6,0.0,0.0,0.0
2022-11-19 19:00:00,16.5,16,0.0,10.0,1018.3,0.0,0.0,0.0
2022-11-19 20:00:00,14.6,19,0.0,7.6,1019.0,0.0,0.0,0.0
2022-11-19 21:00:00,12.4,28,0.0,9.2,1019.5,0.0,0.0,0.0
2022-11-19 22:00:00,10.8,29,0.0,7.3,1020.1,0.0,0.0,0.0
2022-11-19 23:00:00,9.7,31,0.0,7.1,1020.5,0.0,0.0,0.0
2022-11-20 00:00:00,8.3,34,0.0,4.9,1020.7,0.0,0.0,0.0
2022-11-20 01:00:00,6.8,41,0.0,3.3,1020.9,0.0,0.0,0.0
2022-11-20 02:00:00,6.2,40,0.0,2.3,1020.8,0.0,0.0,0.0
2022-11-20 03:00:00,5.9,40,0.0,3.2,1020.8,0.0,0.0,0.0
2022-11-20 04:00:00,5.0,44,0.0,4.3,1020.7,0.0,0.0,0.0
2022-11-20 05:00:00,4.7,51,0.0,6.5,1020.6,0.0,0.0,0.0
2022-11-20 06:00:00,4.5,50,0.0,4.0,1020.9,0.0,0.0,0.0
2022-11-20 07:00:00,4.0,50,0.0,3.4,1021.3,0.0,0.0,0.0
2022-11-20 08:00:00,4.8,47,0.0,3.9,1021.9,0.0,0.0,0.0
2022-11-20 09:00:00,9.2,37,0.0,4.5,1022.5,0.0,0.0,0.0
2022-11-20 10:00:00,14.6,27,0.0,1.1,1022.8,0.0,0.0,0.0
2022-11-20 11:00:00,17.8,19,0.0,1.0,1022.6,0.0,0.0,0.0
2022-11-20 12:00:00,21.3,12,0.0,3.1,1022.0,0.0,0.0,0.0
2022-11-20 13:00:00,23.5,8,0.0,2.8,1020.8,0.0,0.0,0.0
2022-11-20 14:00:00,24.5,8,0.0,1.6,1019.8,0.0,0.0,0.0
2022-11-20 15:00:00,25.1,7,0.0,3.1,1019.1,0.0,0.0,0.0
2022-11-20 16:00:00,25.1,7,0.0,6.9,1018.7,0.0,0.0,0.0
2022-11-20 17:00:00,23.9,9,0.0,10.0,1018.3,0.0,0.0,0.0
2022-11-20 18:00:00,20.8,13,0.0,7.3,1018.4,0.0,0.0,0.0
2022-11-20 19:00:00,17.5,17,0.0,4.2,1018.9,0.0,0.0,0.0
2022-11-20 20:00:00,14.1,28,0.0,5.6,1019.3,0.0,0.0,0.0
2022-11-20 21:00:00,11.7,33,0.0,6.5,1019.5,0.0,0.0,0.0
2022-11-20 22:00:00,11.0,33,0.0,5.4,1020.0,0.0,0.0,0.0
2022-11-20 23:00:00,10.6,31,0.0,5.3,1020.3,0.0,0.0,0.0
2022-11-21 00:00:00,9.8,31,0.0,5.0,1020.4,0.0,0.0,0.0
2022-11-21 01:00:00,8.7,34,0.0,4.4,1020.2,0.0,0.0,0.0
2022-11-21 02:00:00,7.9,36,0.0,5.5,1020.1,0.0,0.0,0.0
2022-11-21 03:00:00,7.7,36,0.0,6.8,1020.1,0.0,0.0,0.0
2022-11-21 04:00:00,7.2,38,0.0,7.4,1019.8,0.0,0.0,0.0
2022-11-21 05:00:00,6.7,41,0.0,7.1,1019.5,0.0,0.0,0.0
2022-11-21 06:00:00,6.8,40,0.0,7.4,1019.4,0.0,0.0,0.0
2022-11-21 07:00:00,6.1,41,0.0,6.8,1019.6,0.0,0.0,0.0
2022-11-21 08:00:00,6.2,41,0.0,5.5,1020.0,0.0,0.0,0.0
2022-11-21 09:00:00,10.6,31,0.0,4.8,1020.4,0.0,0.0,0.0
2022-11-21 10:00:00,15.2,22,0.0,2.2,1020.5,0.0,0.0,0.0
2022-11-21 11:00:00,18.8,16,0.0,2.9,1020.6,0.0,0.0,0.0
2022-11-21 12:00:00,21.5,12,0.0,3.6,1020.4,0.0,0.0,0.0
2022-11-21 13:00:00,23.2,8,0.0,4.3,1019.6,0.0,0.0,0.0
2022-11-21 14:00:00,23.7,6,0.0,5.4,1018.7,0.0,0.0,0.0
2022-11-21 15:00:00,24.2,6,0.0,5.4,1018.0,0.0,0.0,0.0
2022-11-21 16:00:00,24.4,6,0.0,4.8,1017.7,0.0,0.0,0.0
2022-11-21 17:00:00,23.0,10,0.0,5.0,1017.1,0.0,0.0,0.0
2022-11-21 18:00:00,20.6,12,0.0,7.1,1017.4,0.0,0.0,0.0
2022-11-21 19:00:00,18.2,18,0.0,7.6,1017.9,0.0,0.0,0.0
2022-11-21 20:00:00,15.8,21,0.0,5.9,1018.3,0.0,0.0,0.0
2022-11-21 21:00:00,13.9,29,0.0,3.7,1018.4,0.0,0.0,0.0
2022-11-21 22:00:00,12.0,36,0.0,4.7,1018.8,0.0,0.0,0.0
2022-11-21 23:00:00,10.9,38,0.0,4.6,1018.9,0.0,0.0,0.0
2022-11-22 00:00:00,10.3,38,0.0,4.1,1018.7,0.0,0.0,0.0
2022-11-22 01:00:00,10.0,37,0.0,4.8,1018.4,0.0,0.0,0.0
2022-11-22 02:00:00,9.3,37,0.0,4.5,1018.5,0.0,0.0,0.0
2022-11-22 03:00:00,8.7,36,0.0,5.7,1018.5,0.0,0.0,0.0
2022-11-22 04:00:00,8.4,35,0.0,6.8,1018.3,0.0,0.0,0.0
2022-11-22 05:00:00,8.5,37,0.0,8.1,1018.2,0.0,0.0,0.0
2022-11-22 06:00:00,8.3,35,0.0,8.7,1018.1,0.0,0.0,0.0
2022-11-22 07:00:00,7.5,36,0.0,7.3,1018.5,0.0,0.0,0.0
2022-11-22 08:00:00,7.8,35,0.0,7.0,1019.0,0.0,0.0,0.0
2022-11-22 09:00:00,12.0,27,0.0,4.2,1019.3,0.0,0.0,0.0
2022-11-22 10:00:00,15.9,19,0.0,2.7,1019.1,0.0,0.0,0.0
2022-11-22 11:00:00,18.5,12,0.0,5.4,1019.1,0.0,0.0,0.0
2022-11-22 12:00:00,20.7,9,0.0,4.2,1018.8,0.0,0.0,0.0
2022-11-22 13:00:00,22.3,8,0.0,0.5,1018.0,0.0,0.0,0.0
2022-11-22 14:00:00,23.6,7,0.0,3.1,1017.0,0.0,0.0,0.0
2022-11-22 15:00:00,24.2,7,0.0,4.6,1016.4,0.0,0.0,0.0
2022-11-22 16:00:00,23.4,8,0.0,10.5,1016.1,0.0,0.0,0.0
2022-11-22 17:00:00,20.8,14,0.0,13.1,1016.3,0.0,0.0,0.0
2022-11-22 18:00:00,17.0,21,0.0,11.3,1016.6,0.0,0.0,0.0
2022-11-22 19:00:00,15.8,32,0.0,5.0,1016.8,0.0,0.0,0.0
2022-11-22 20:00:00,16.2,31,0.0,1.3,1017.1,0.0,0.0,0.0
2022-11-22 21:00:00,13.1,31,0.0,6.3,1017.4,0.0,0.0,0.0
2022-11-22 22:00:00,11.7,31,0.0,6.1,1018.0,0.0,0.0,0.0
2022-11-22 23:00:00,10.9,30,0.0,6.4,1018.2,0.0,0.0,0.0
2022-11-23 00:00:00,10.5,27,0.0,6.9,1018.4,0.0,0.0,0.0
2022-11-23 01:00:00,10.1,26,0.0,10.1,1018.0,0.0,0.0,0.0
2022-11-23 02:00:00,11.4,23,0.0,7.2,1017.9,0.0,0.0,0.0
2022-11-23 03:00:00,13.6,20,0.0,3.2,1017.6,0.0,0.0,0.0
2022-11-23 04:00:00,13.1,20,0.0,5.0,1017.7,0.0,0.0,0.0
2022-11-23 05:00:00,8.4,31,0.0,9.9,1017.4,0.0,0.0,0.0
2022-11-23 06:00:00,10.7,24,0.0,7.3,1017.1,0.0,0.0,0.0
2022-11-23 07:00:00,13.2,19,0.0,2.8,1017.6,0.0,0.0,0.0
2022-11-23 08:00:00,13.1,19,0.0,2.5,1018.0,0.0,0.0,0.0
2022-11-23 09:00:00,11.7,22,0.0,4.3,1018.4,0.0,0.0,0.0
2022-11-23 10:00:00,14.1,18,0.0,4.7,1018.9,0.0,0.0,0.0
2022-11-23 11:00:00,17.1,15,0.0,4.6,1019.2,0.0,0.0,0.0
2022-11-23 12:00:00,19.3,14,0.0,3.0,1018.6,0.0,0.0,0.0
2022-11-23 13:00:00,20.9,14,0.0,3.1,1017.8,0.0,0.0,0.0
2022-11-23 14:00:00,22.0,15,0.0,4.1,1017.1,0.0,0.0,0.0
2022-11-23 15:00:00,22.6,17,0.0,4.8,1016.8,0.0,0.0,0.0
2022-11-23 16:00:00,22.5,21,0.0,4.3,1016.7,0.0,0.0,0.0
2022-11-23 17:00:00,21.4,25,0.0,5.7,1016.6,0.0,0.0,0.0
2022-11-23 18:00:00,18.2,41,0.0,5.0,1017.1,0.0,0.0,0.0
2022-11-23 19:00:00,16.2,49,0.0,5.4,1017.5,0.0,0.0,0.0
2022-11-23 20:00:00,16.2,44,0.0,3.2,1017.7,0.0,0.0,0.0
2022-11-23 21:00:00,15.0,43,0.0,5.7,1018.2,0.0,0.0,0.0
2022-11-23 22:00:00,13.0,46,0.0,8.1,1018.7,0.0,0.0,0.0
2022-11-23 23:00:00,13.2,39,0.0,5.9,1018.6,0.0,0.0,0.0
2022-11-24 00:00:00,12.7,35,0.0,5.2,1018.7,0.0,0.0,0.0
2022-11-24 01:00:00,10.7,38,0.0,6.9,1018.5,0.0,0.0,0.0
2022-11-24 02:00:00,9.6,37,0.0,4.7,1018.5,0.0,0.0,0.0
2022-11-24 03:00:00,8.9,36,0.0,3.7,1018.5,0.0,0.0,0.0
2022-11-24 04:00:00,9.1,34,0.0,2.7,1018.9,0.0,0.0,0.0
2022-11-24 05:00:00,10.1,35,0.0,4.3,1019.0,0.0,0.0,0.0
2022-11-24 06:00:00,9.4,37,0.0,6.3,1019.3,0.0,0.0,0.0
2022-11-24 07:00:00,9.0,36,0.0,6.7,1020.1,0.0,0.0,0.0
2022-11-24 08:00:00,9.7,33,0.0,5.4,1021.0,0.0,0.0,0.0
2022-11-24 09:00:00,14.6,23,0.0,4.7,1021.8,0.0,0.0,0.0
2022-11-24 10:00:00,19.2,19,0.0,2.4,1022.3,0.0,0.0,0.0
2022-11-24 11:00:00,21.8,14,0.0,6.0,1022.5,0.0,0.0,0.0
2022-11-24 12:00:00,23.8,10,0.0,9.6,1022.0,0.0,0.0,0.0
2022-11-24 13:00:00,25.2,8,0.0,12.5,1021.1,0.0,0.0,0.0
2022-11-24 14:00:00,26.2,7,0.0,11.5,1020.5,0.0,0.0,0.0
2022-11-24 15:00:00,26.6,6,0.0,8.1,1020.2,0.0,0.0,0.0
2022-11-24 16:00:00,26.4,6,0.0,6.8,1020.1,0.0,0.0,0.0
2022-11-24 17:00:00,22.8,12,0.0,18.9,1020.4,0.0,0.0,0.0
2022-11-24 18:00:00,20.0,18,0.0,9.0,1021.0,0.0,0.0,0.0
2022-11-24 19:00:00,19.0,20,0.0,3.1,1021.6,0.0,0.0,0.0
2022-11-24 20:00:00,15.6,23,0.0,5.4,1022.1,0.0,0.0,0.0
2022-11-24 21:00:00,13.8,22,0.0,4.1,1023.0,0.0,0.0,0.0
2022-11-24 22:00:00,12.0,26,0.0,3.1,1024.0,0.0,0.0,0.0
2022-11-24 23:00:00,11.5,26,0.0,2.9,1024.6,0.0,0.0,0.0
2022-11-25 00:00:00,10.6,28,0.0,4.0,1024.6,0.0,0.0,0.0
2022-11-25 01:00:00,9.8,31,0.0,3.6,1024.6,0.0,0.0,0.0
2022-11-25 02:00:00,8.8,32,0.0,5.8,1024.8,0.0,0.0,0.0
2022-11-25 03:00:00,8.7,30,0.0,4.3,1024.7,0.0,0.0,0.0
2022-11-25 04:00:00,8.0,31,0.0,7.2,1024.4,0.0,0.0,0.0
2022-11-25 05:00:00,7.9,32,0.0,5.6,1024.6,0.0,0.0,0.0
2022-11-25 06:00:00,8.4,29,0.0,6.4,1024.7,0.0,0.0,0.0
2022-11-25 07:00:00,7.4,32,0.0,7.4,1025.0,0.0,0.0,0.0
2022-11-25 08:00:00,7.2,33,0.0,3.6,1025.4,0.0,0.0,0.0
2022-11-25 09:00:00,11.6,26,0.0,2.2,1025.5,0.0,0.0,0.0
2022-11-25 10:00:00,15.5,21,0.0,6.5,1025.6,0.0,0.0,0.0
2022-11-25 11:00:00,18.2,14,0.0,6.8,1025.4,0.0,0.0,0.0
2022-11-25 12:00:00,21.0,10,0.0,2.6,1024.8,0.0,0.0,0.0
2022-11-25 13:00:00,23.0,8,0.0,1.8,1023.7,0.0,0.0,0.0
2022-11-25 14:00:00,24.1,7,0.0,5.2,1022.7,0.0,0.0,0.0
2022-11-25 15:00:00,24.4,7,0.0,9.4,1022.3,0.0,0.0,0.0
2022-11-25 16:00:00,23.2,10,0.0,13.9,1022.4,0.0,0.0,0.0
2022-11-25 17:00:00,20.0,19,0.0,12.6,1021.8,0.0,0.0,0.0
2022-11-25 18:00:00,17.0,32,0.0,7.3,1021.8,0.0,0.0,0.0
2022-11-25 19:00:00,16.2,34,0.0,3.3,1021.9,0.0,0.0,0.0
2022-11-25 20:00:00,14.6,30,0.0,6.5,1022.2,0.0,0.0,0.0
2022-11-25 21:00:00,13.7,29,0.0,7.4,1022.4,0.0,0.0,0.0
2022-11-25 22:00:00,12.3,31,0.0,5.2,1022.7,0.0,0.0,0.0
2022-11-25 23:00:00,11.4,32,0.0,3.8,1022.6,0.0,0.0,0.0
2022-11-26 00:00:00,10.8,33,0.0,8.9,1022.1,0.0,0.0,0.0
2022-11-26 01:00:00,11.4,30,0.0,10.0,1021.8,0.0,0.0,0.0
2022-11-26 02:00:00,11.8,28,0.0,8.5,1021.4,0.0,0.0,0.0
2022-11-26 03:00:00,12.1,27,0.0,8.1,1020.9,0.0,0.0,0.0
2022-11-26 04:00:00,13.1,24,0.0,6.4,1020.7,0.0,0.0,0.0
2022-11-26 05:00:00,11.0,27,0.0,8.4,1020.1,0.0,0.0,0.0
2022-11-26 06:00:00,8.7,33,0.0,12.5,1019.9,0.0,0.0,0.0
2022-11-26 07:00:00,7.6,39,0.0,13.0,1020.3,0.0,0.0,0.0
2022-11-26 08:00:00,7.6,40,0.0,11.4,1021.0,0.0,0.0,0.0
2022-11-26 09:00:00,12.3,27,0.0,7.1,1021.1,0.0,0.0,0.0
2022-11-26 10:00:00,15.3,21,0.0,8.6,1021.3,0.0,0.0,0.0
2022-11-26 11:00:00,17.3,26,0.0,9.7,1020.9,0.0,0.0,0.0
2022-11-26 12:00:00,18.7,30,0.0,7.9,1020.0,0.0,0.0,0.0
2022-11-26 13:00:00,20.1,31,0.0,6.4,1018.7,0.0,0.0,0.0
2022-11-26 14:00:00,21.2,32,0.0,5.4,1017.8,0.0,0.0,0.0
2022-11-26 15:00:00,21.8,33,0.0,7.6,1016.9,0.0,0.0,0.0
2022-11-26 16:00:00,21.3,38,0.0,9.8,1016.4,0.0,0.0,0.0
2022-11-26 17:00:00,19.4,45,0.0,10.2,1016.3,0.0,0.0,0.0
2022-11-26 18:00:00,17.3,52,0.0,6.6,1016.5,0.0,0.0,0.0
2022-11-26 19:00:00,15.4,62,0.0,5.0,1016.9,0.0,0.0,0.0
2022-11-26 20:00:00,14.5,67,0.0,4.7,1017.0,0.0,0.0,0.0
2022-11-26 21:00:00,13.9,68,0.0,5.8,1017.4,0.0,0.0,0.0
2022-11-26 22:00:00,12.8,67,0.0,6.0,1018.0,0.0,0.0,0.0
2022-11-26 23:00:00,11.9,62,0.0,5.6,1017.9,0.0,0.0,0.0
2022-11-27 00:00:00,11.1,56,0.0,6.6,1017.9,0.0,0.0,0.0
2022-11-27 01:00:00,10.5,52,0.0,6.3,1017.8,0.0,0.0,0.0
2022-11-27 02:00:00,10.2,51,0.0,7.0,1017.4,0.0,0.0,0.0
2022-11-27 03:00:00,10.6,46,0.0,7.9,1017.4,0.0,0.0,0.0
2022-11-27 04:00:00,10.8,46,0.0,7.7,1017.6,0.0,0.0,0.0
2022-11-27 05:00:00,13.3,39,0.0,5.1,1017.8,0.0,0.0,0.0
2022-11-27 06:00:00,13.0,40,0.0,4.5,1017.7,0.0,0.0,0.0
2022-11-27 07:00:00,12.3,40,0.0,3.6,1018.2,0.0,0.0,0.0
2022-11-27 08:00:00,12.2,40,0.0,3.3,1018.6,0.0,0.0,0.0
2022-11-27 09:00:00,12.5,40,0.0,2.2,1018.7,0.0,0.0,0.0
2022-11-27 10:00:00,14.3,36,0.0,1.3,1018.9,0.0,0.0,0.0
2022-11-27 11:00:00,17.3,29,0.0,1.8,1019.2,0.0,0.0,0.0
2022-11-27 12:00:00,19.7,24,0.0,3.2,1018.6,0.0,0.0,0.0
2022-11-27 13:00:00,21.5,21,0.0,6.3,1017.7,0.0,0.0,0.0
2022-11-27 14:00:00,22.4,20,0.0,8.0,1017.0,0.0,0.0,0.0
2022-11-27 15:00:00,22.6,19,0.0,7.6,1016.4,0.0,0.0,0.0
2022-11-27 16:00:00,21.9,21,0.0,11.2,1016.3,0.0,0.0,0.0
2022-11-27 17:00:00,17.9,44,0.0,15.1,1016.0,0.0,0.0,0.0
2022-11-27 18:00:00,15.6,53,0.0,8.6,1016.0,0.0,0.0,0.0
2022-11-27 19:00:00,14.5,65,0.0,3.6,1016.1,0.0,0.0,0.0
2022-11-27 20:00:00,13.6,78,0.0,4.1,1016.0,0.0,0.0,0.0
2022-11-27 21:00:00,13.4,79,0.0,5.4,1015.9,0.0,0.0,0.0
2022-11-27 22:00:00,12.5,88,0.0,6.1,1015.9,0.0,0.0,0.0
2022-11-27 23:00:00,11.6,92,0.0,5.1,1016.1,0.0,0.0,0.0
2022-11-28 00:00:00,11.0,93,0.0,5.9,1016.2,0.0,0.0,0.0
2022-11-28 01:00:00,11.1,96,0.0,5.4,1015.8,0.0,0.0,0.0
2022-11-28 02:00:00,11.7,96,0.0,5.1,1015.5,0.0,0.0,0.0
2022-11-28 03:00:00,12.2,95,0.0,7.3,1015.0,0.0,0.0,0.0
2022-11-28 04:00:00,12.0,97,0.0,6.2,1014.6,0.0,0.0,0.0
2022-11-28 05:00:00,11.7,96,0.0,3.3,1014.6,0.0,0.0,0.0
2022-11-28 06:00:00,11.8,94,0.0,5.9,1014.3,0.0,0.0,0.0
2022-11-28 07:00:00,11.6,94,0.0,6.6,1014.3,0.0,0.0,0.0
2022-11-28 08:00:00,11.6,91,0.0,5.9,1014.7,0.0,0.0,0.0
2022-11-28 09:00:00,12.2,85,0.0,5.6,1015.2,0.0,0.0,0.0
2022-11-28 10:00:00,13.3,78,0.0,5.9,1015.2,0.0,0.0,0.0
2022-11-28 11:00:00,14.6,73,0.0,5.6,1015.3,0.0,0.0,0.0
2022-11-28 12:00:00,15.9,63,0.0,5.5,1014.8,0.0,0.0,0.0
2022-11-28 13:00:00,17.1,57,0.0,6.1,1013.5,0.0,0.0,0.0
2022-11-28 14:00:00,17.8,52,0.1,6.1,1012.6,0.0,0.1,0.0
2022-11-28 15:00:00,17.3,58,0.2,10.1,1011.9,0.0,0.2,0.0
2022-11-28 16:00:00,16.6,64,0.4,13.0,1011.7,0.0,0.4,0.0
2022-11-28 17:00:00,15.2,73,0.0,12.8,1011.6,0.0,0.0,0.0
2022-11-28 18:00:00,14.8,74,0.0,10.3,1011.6,0.0,0.0,0.0
2022-11-28 19:00:00,14.6,73,0.0,8.2,1011.7,0.0,0.0,0.0
2022-11-28 20:00:00,14.3,73,0.0,5.4,1012.0,0.0,0.0,0.0
2022-11-28 21:00:00,13.8,77,0.1,5.5,1012.0,0.0,0.1,0.0
2022-11-28 22:00:00,13.5,79,0.1,5.1,1012.3,0.0,0.1,0.0
2022-11-28 23:00:00,13.3,81,0.0,4.3,1012.4,0.0,0.0,0.0
2022-11-29 00:00:00,12.9,82,0.0,3.6,1012.5,0.0,0.0,0.0
2022-11-29 01:00:00,12.1,83,0.0,3.9,1012.0,0.0,0.0,0.0
2022-11-29 02:00:00,11.6,85,0.0,5.8,1012.2,0.0,0.0,0.0
2022-11-29 03:00:00,11.8,83,0.0,6.7,1012.3,0.0,0.0,0.0
2022-11-29 04:00:00,12.1,82,0.0,7.6,1012.5,0.0,0.0,0.0
2022-11-29 05:00:00,12.4,86,0.0,0.8,1012.5,0.0,0.0,0.0
2022-11-29 06:00:00,10.2,95,0.0,6.6,1012.7,0.0,0.0,0.0
2022-11-29 07:00:00,9.7,94,0.0,4.6,1012.9,0.0,0.0,0.0
2022-11-29 08:00:00,9.6,94,0.0,7.0,1013.8,0.0,0.0,0.0
2022-11-29 09:00:00,11.5,86,0.0,9.7,1014.7,0.0,0.0,0.0
2022-11-29 10:00:00,13.4,75,0.0,9.6,1015.4,0.0,0.0,0.0
2022-11-29 11:00:00,14.8,67,0.0,8.5,1015.9,0.0,0.0,0.0
2022-11-29 12:00:00,15.5,62,0.0,8.9,1016.0,0.0,0.0,0.0
2022-11-29 13:00:00,16.1,57,0.0,8.7,1015.3,0.0,0.0,0.0
2022-11-29 14:00:00,17.1,50,0.0,9.6,1014.7,0.0,0.0,0.0
2022-11-29 15:00:00,17.7,44,0.0,9.2,1014.2,0.0,0.0,0.0
2022-11-29 16:00:00,18.1,42,0.0,9.4,1014.1,0.0,0.0,0.0
2022-11-29 17:00:00,18.1,43,0.0,5.6,1013.6,0.0,0.0,0.0
2022-11-29 18:00:00,15.9,62,0.0,10.0,1014.2,0.0,0.0,0.0
2022-11-29 19:00:00,14.6,74,0.0,5.6,1015.1,0.0,0.0,0.0
2022-11-29 20:00:00,14.6,74,0.0,1.6,1015.6,0.0,0.0,0.0
2022-11-29 21:00:00,13.1,82,0.0,3.2,1015.7,0.0,0.0,0.0
2022-11-29 22:00:00,12.5,82,0.0,2.2,1016.0,0.0,0.0,0.0
2022-11-29 23:00:00,12.7,77,0.0,1.5,1016.4,0.0,0.0,0.0
2022-11-30 00:00:00,10.6,87,0.0,3.1,1016.7,0.0,0.0,0.0
2022-11-30 01:00:00,9.8,86,0.0,3.8,1016.5,0.0,0.0,0.0
2022-11-30 02:00:00,9.5,84,0.0,4.5,1016.4,0.0,0.0,0.0
2022-11-30 03:00:00,8.6,87,0.0,6.4,1016.4,0.0,0.0,0.0
2022-11-30 04:00:00,8.3,86,0.0,6.0,1016.2,0.0,0.0,0.0
2022-11-30 05:00:00,9.0,82,0.0,9.0,1015.9,0.0,0.0,0.0
2022-11-30 06:00:00,9.4,78,0.0,7.6,1015.9,0.0,0.0,0.0
2022-11-30 07:00:00,9.5,78,0.0,7.2,1016.5,0.0,0.0,0.0
2022-11-30 08:00:00,10.5,76,0.1,4.7,1017.1,0.0,0.1,0.0
2022-11-30 09:00:00,11.5,76,0.1,6.8,1017.4,0.0,0.1,0.0
2022-11-30 10:00:00,12.7,78,0.1,8.2,1017.7,0.0,0.1,0.0
2022-11-30 11:00:00,13.7,74,0.1,9.6,1017.7,0.0,0.1,0.0
2022-11-30 12:00:00,15.5,64,0.1,12.0,1017.0,0.0,0.1,0.0
2022-11-30 13:00:00,16.3,57,0.0,13.5,1015.9,0.0,0.0,0.0
2022-11-30 14:00:00,16.4,55,0.0,14.3,1015.1,0.0,0.0,0.0
2022-11-30 15:00:00,15.9,57,0.0,16.3,1014.9,0.0,0.0,0.0
2022-11-30 16:00:00,15.5,57,0.0,17.1,1014.8,0.0,0.0,0.0
2022-11-30 17:00:00,15.2,62,0.0,13.3,1014.5,0.0,0.0,0.0
2022-11-30 18:00:00,14.5,62,0.0,9.7,1014.8,0.0,0.0,0.0
2022-11-30 19:00:00,14.3,63,0.0,8.6,1015.0,0.0,0.0,0.0
2022-11-30 20:00:00,14.1,65,0.0,9.7,1015.3,0.0,0.0,0.0
2022-11-30 21:00:00,13.5,71,0.0,10.2,1015.7,0.0,0.0,0.0
2022-11-30 22:00:00,12.9,77,0.0,8.9,1016.4,0.0,0.0,0.0
2022-11-30 23:00:00,12.4,81,0.2,7.4,1016.7,0.0,0.2,0.0
2022-12-01 00:00:00,11.8,85,0.1,7.6,1016.9,0.0,0.1,0.0
2022-12-01 01:00:00,11.6,85,0.1,11.4,1015.8,0.0,0.1,0.0
2022-12-01 02:00:00,11.4,84,0.2,9.7,1015.8,0.0,0.2,0.0
2022-12-01 03:00:00,11.2,85,0.0,6.8,1016.0,0.0,0.0,0.0
2022-12-01 04:00:00,10.8,88,0.0,6.3,1015.8,0.0,0.0,0.0
2022-12-01 05:00:00,11.8,80,0.0,8.7,1015.7,0.0,0.0,0.0
2022-12-01 06:00:00,11.5,81,0.0,8.4,1016.1,0.0,0.0,0.0
2022-12-01 07:00:00,11.4,81,0.0,7.4,1016.7,0.0,0.0,0.0
2022-12-01 08:00:00,11.1,83,0.0,8.3,1017.2,0.0,0.0,0.0
2022-12-01 09:00:00,12.1,74,0.0,12.0,1017.7,0.0,0.0,0.0
2022-12-01 10:00:00,13.1,69,0.0,11.7,1018.3,0.0,0.0,0.0
2022-12-01 11:00:00,13.1,68,0.0,10.4,1018.5,0.0,0.0,0.0
2022-12-01 12:00:00,13.4,67,0.0,10.2,1018.1,0.0,0.0,0.0
2022-12-01 13:00:00,13.9,64,0.1,10.4,1017.5,0.0,0.1,0.0
2022-12-01 14:00:00,14.3,65,0.0,7.1,1016.9,0.0,0.0,0.0
2022-12-01 15:00:00,14.2,65,0.0,7.7,1016.7,0.0,0.0,0.0
2022-12-01 16:00:00,14.1,66,0.2,10.7,1016.5,0.0,0.2,0.0
2022-12-01 17:00:00,13.5,70,0.0,8.2,1016.5,0.0,0.0,0.0
2022-12-01 18:00:00,13.1,73,0.1,6.9,1016.7,0.0,0.1,0.0
2022-12-01 19:00:00,13.0,68,0.0,6.3,1016.9,0.0,0.0,0.0
2022-12-01 20:00:00,12.1,77,0.0,5.9,1017.7,0.0,0.0,0.0
2022-12-01 21:00:00,12.0,79,0.0,3.2,1018.0,0.0,0.0,0.0
2022-12-01 22:00:00,12.2,76,0.0,3.3,1018.8,0.0,0.0,0.0
2022-12-01 23:00:00,11.9,79,0.0,7.1,1019.0,0.0,0.0,0.0
2022-12-02 00:00:00,11.7,79,0.0,7.4,1019.0,0.0,0.0,0.0
2022-12-02 01:00:00,11.7,77,0.0,9.7,1018.7,0.0,0.0,0.0
2022-12-02 02:00:00,11.9,76,0.0,10.2,1018.5,0.0,0.0,0.0
2022-12-02 03:00:00,11.9,76,0.1,11.0,1018.7,0.0,0.1,0.0
2022-12-02 04:00:00,11.5,79,0.2,11.1,1019.0,0.0,0.2,0.0
2022-12-02 05:00:00,11.6,79,0.1,9.0,1019.4,0.0,0.1,0.0
2022-12-02 06:00:00,11.4,81,0.2,11.5,1019.2,0.0,0.2,0.0
2022-12-02 07:00:00,11.4,82,0.2,11.5,1019.7,0.0,0.2,0.0
2022-12-02 08:00:00,11.5,83,0.3,11.9,1020.1,0.0,0.3,0.0
2022-12-02 09:00:00,11.8,83,0.4,12.6,1020.7,0.0,0.4,0.0
2022-12-02 10:00:00,11.9,84,0.7,13.7,1021.4,0.0,0.7,0.0
2022-12-02 11:00:00,12.3,84,0.3,15.2,1021.8,0.0,0.3,0.0
2022-12-02 12:00:00,13.3,77,0.1,15.1,1021.4,0.0,0.1,0.0
2022-12-02 13:00:00,13.8,72,0.0,13.8,1020.5,0.0,0.0,0.0
2022-12-02 14:00:00,14.1,69,0.0,11.0,1019.9,0.0,0.0,0.0
2022-12-02 15:00:00,14.4,67,0.0,10.0,1019.7,0.0,0.0,0.0
2022-12-02 16:00:00,14.4,69,0.0,7.0,1019.5,0.0,0.0,0.0
2022-12-02 17:00:00,13.6,84,0.0,5.1,1019.0,0.0,0.0,0.0
2022-12-02 18:00:00,13.5,88,0.0,6.4,1019.0,0.0,0.0,0.0
2022-12-02 19:00:00,13.3,89,0.0,6.0,1019.0,0.0,0.0,0.0
2022-12-02 20:00:00,12.9,90,1.8,2.9,1019.3,0.0,1.8,0.0
2022-12-02 21:00:00,12.7,92,0.2,3.8,1019.6,0.0,0.2,0.0
2022-12-02 22:00:00,12.5,93,0.4,4.0,1019.6,0.0,0.4,0.0
2022-12-02 23:00:00,11.7,94,0.0,5.8,1019.4,0.0,0.0,0.0
2022-12-03 00:00:00,12.9,89,0.0,8.2,1019.3,0.0,0.0,0.0
2022-12-03 01:00:00,13.1,87,0.0,8.9,1018.7,0.0,0.0,0.0
2022-12-03 02:00:00,12.7,89,0.0,4.6,1018.6,0.0,0.0,0.0
2022-12-03 03:00:00,11.7,91,0.0,6.7,1018.5,0.0,0.0,0.0
2022-12-03 04:00:00,11.4,89,0.0,5.5,1018.5,0.0,0.0,0.0
2022-12-03 05:00:00,12.2,84,0.0,5.1,1017.7,0.0,0.0,0.0
2022-12-03 06:00:00,12.8,81,0.0,2.8,1017.9,0.0,0.0,0.0
2022-12-03 07:00:00,12.4,82,0.0,3.9,1018.3,0.0,0.0,0.0
2022-12-03 08:00:00,12.5,78,0.0,1.8,1018.7,0.0,0.0,0.0
2022-12-03 09:00:00,13.4,72,0.0,2.4,1019.0,0.0,0.0,0.0
2022-12-03 10:00:00,15.0,77,0.0,1.4,1019.4,0.0,0.0,0.0
2022-12-03 11:00:00,17.1,70,0.0,3.1,1019.3,0.0,0.0,0.0
2022-12-03 12:00:00,18.8,64,0.0,3.7,1018.8,0.0,0.0,0.0
2022-12-03 13:00:00,20.4,57,0.0,6.8,1018.0,0.0,0.0,0.0
2022-12-03 14:00:00,20.8,53,0.0,11.3,1017.4,0.0,0.0,0.0
2022-12-03 15:00:00,20.1,58,0.0,13.3,1017.2,0.0,0.0,0.0
2022-12-03 16:00:00,18.6,69,0.0,15.4,1017.4,0.0,0.0,0.0
2022-12-03 17:00:00,17.7,76,0.0,12.4,1017.2,0.0,0.0,0.0
2022-12-03 18:00:00,15.7,90,0.0,7.7,1017.8,0.0,0.0,0.0
2022-12-03 19:00:00,14.6,95,0.0,5.1,1018.2,0.0,0.0,0.0
2022-12-03 20:00:00,13.5,97,0.0,7.2,1018.7,0.0,0.0,0.0
2022-12-03 21:00:00,14.2,95,0.0,3.3,1018.8,0.0,0.0,0.0
2022-12-03 22:00:00,13.9,93,0.0,1.1,1019.1,0.0,0.0,0.0
2022-12-03 23:00:00,12.7,95,0.0,4.1,1019.3,0.0,0.0,0.0
2022-12-04 00:00:00,12.7,98,0.0,4.0,1019.5,0.0,0.0,0.0
2022-12-04 01:00:00,12.6,99,0.0,3.6,1019.5,0.0,0.0,0.0
2022-12-04 02:00:00,13.0,100,0.0,2.5,1019.5,0.0,0.0,0.0
2022-12-04 03:00:00,12.7,99,0.0,3.8,1019.8,0.0,0.0,0.0
2022-12-04 04:00:00,12.5,94,0.0,5.5,1019.7,0.0,0.0,0.0
2022-12-04 05:00:00,12.3,94,0.0,2.2,1019.0,0.0,0.0,0.0
2022-12-04 06:00:00,12.5,87,0.0,1.8,1019.1,0.0,0.0,0.0
2022-12-04 07:00:00,12.7,88,0.0,3.3,1019.5,0.0,0.0,0.0
2022-12-04 08:00:00,12.4,92,0.0,3.6,1020.0,0.0,0.0,0.0
2022-12-04 09:00:00,13.2,85,0.0,4.7,1020.0,0.0,0.0,0.0
2022-12-04 10:00:00,13.0,94,0.2,2.8,1020.6,0.0,0.2,0.0
2022-12-04 11:00:00,13.7,93,0.0,3.8,1020.8,0.0,0.0,0.0
2022-12-04 12:00:00,14.9,88,0.0,1.1,1020.5,0.0,0.0,0.0
2022-12-04 13:00:00,16.3,84,0.0,2.9,1019.2,0.0,0.0,0.0
2022-12-04 14:00:00,16.8,81,0.1,5.9,1018.7,0.0,0.1,0.0
2022-12-04 15:00:00,17.1,78,0.4,7.2,1018.2,0.0,0.4,0.0
2022-12-04 16:00:00,16.5,81,1.7,9.1,1018.0,0.0,1.7,0.0
2022-12-04 17:00:00,15.4,85,2.5,1.5,1018.2,0.0,2.5,0.0
2022-12-04 18:00:00,15.1,88,0.4,2.2,1018.0,0.0,0.4,0.0
2022-12-04 19:00:00,15.2,90,0.1,1.9,1017.9,0.0,0.1,0.0
2022-12-04 20:00:00,15.1,91,0.1,1.3,1018.2,0.0,0.1,0.0
2022-12-04 21:00:00,14.8,93,0.3,2.1,1018.3,0.0,0.3,0.0
2022-12-04 22:00:00,14.8,93,0.1,1.5,1018.3,0.0,0.1,0.0
2022-12-04 23:00:00,14.8,89,0.1,0.8,1018.3,0.0,0.1,0.0
2022-12-05 00:00:00,14.6,90,0.3,1.3,1018.0,0.0,0.3,0.0
2022-12-05 01:00:00,14.2,92,0.2,2.9,1017.8,0.0,0.2,0.0
2022-12-05 02:00:00,13.8,94,0.0,4.6,1017.5,0.0,0.0,0.0
2022-12-05 03:00:00,13.1,94,0.1,4.4,1017.4,0.0,0.1,0.0
2022-12-05 04:00:00,12.1,95,0.0,5.6,1017.1,0.0,0.0,0.0
2022-12-05 05:00:00,13.1,95,0.0,3.2,1017.1,0.0,0.0,0.0
2022-12-05 06:00:00,12.9,96,0.1,4.7,1017.1,0.0,0.1,0.0
2022-12-05 07:00:00,11.1,100,0.1,5.1,1017.3,0.0,0.1,0.0
2022-12-05 08:00:00,10.4,100,0.1,5.2,1017.5,0.0,0.1,0.0
2022-12-05 09:00:00,11.8,100,0.0,1.6,1017.5,0.0,0.0,0.0
2022-12-05 10:00:00,13.3,94,0.1,4.0,1018.0,0.0,0.1,0.0
2022-12-05 11:00:00,14.4,81,0.1,7.3,1018.1,0.0,0.1,0.0
2022-12-05 12:00:00,15.4,69,0.1,6.3,1017.4,0.0,0.1,0.0
2022-12-05 13:00:00,16.0,61,0.0,6.0,1016.4,0.0,0.0,0.0
2022-12-05 14:00:00,16.5,55,0.0,4.2,1015.5,0.0,0.0,0.0
2022-12-05 15:00:00,16.7,50,0.0,5.9,1015.0,0.0,0.0,0.0
2022-12-05 16:00:00,16.2,53,0.0,7.5,1014.8,0.0,0.0,0.0
2022-12-05 17:00:00,14.8,67,0.0,11.8,1014.9,0.0,0.0,0.0
2022-12-05 18:00:00,13.8,77,0.0,4.0,1015.1,0.0,0.0,0.0
2022-12-05 19:00:00,13.2,79,0.0,4.4,1015.2,0.0,0.0,0.0
2022-12-05 20:00:00,12.3,83,0.0,6.2,1015.5,0.0,0.0,0.0
2022-12-05 21:00:00,11.7,87,0.0,3.4,1015.8,0.0,0.0,0.0
2022-12-05 22:00:00,10.9,90,0.0,5.0,1016.2,0.0,0.0,0.0
2022-12-05 23:00:00,10.3,90,0.0,6.1,1016.3,0.0,0.0,0.0
2022-12-06 00:00:00,9.9,89,0.0,7.2,1016.4,0.0,0.0,0.0
2022-12-06 01:00:00,9.6,88,0.0,7.2,1016.2,0.0,0.0,0.0
2022-12-06 02:00:00,9.2,88,0.0,6.8,1016.2,0.0,0.0,0.0
2022-12-06 03:00:00,9.2,87,0.0,8.0,1016.4,0.0,0.0,0.0
2022-12-06 04:00:00,9.5,86,0.0,9.8,1016.5,0.0,0.0,0.0
2022-12-06 05:00:00,9.3,86,0.0,7.6,1016.3,0.0,0.0,0.0
2022-12-06 06:00:00,9.7,83,0.0,8.1,1016.4,0.0,0.0,0.0
2022-12-06 07:00:00,9.5,85,0.0,8.3,1016.8,0.0,0.0,0.0
2022-12-06 08:00:00,9.1,85,0.0,7.4,1017.2,0.0,0.0,0.0
2022-12-06 09:00:00,10.6,78,0.0,8.9,1017.7,0.0,0.0,0.0
2022-12-06 10:00:00,13.4,69,0.0,9.5,1018.1,0.0,0.0,0.0
2022-12-06 11:00:00,14.5,65,0.1,12.4,1018.5,0.0,0.1,0.0
2022-12-06 12:00:00,14.8,64,0.1,11.1,1018.1,0.0,0.1,0.0
2022-12-06 13:00:00,15.6,58,0.1,8.3,1017.1,0.0,0.1,0.0
2022-12-06 14:00:00,16.3,50,0.0,6.9,1016.5,0.0,0.0,0.0
2022-12-06 15:00:00,16.3,48,0.0,9.0,1016.4,0.0,0.0,0.0
2022-12-06 16:00:00,15.7,50,0.0,8.8,1016.5,0.0,0.0,0.0
2022-12-06 17:00:00,14.4,66,0.0,10.2,1016.7,0.0,0.0,0.0
2022-12-06 18:00:00,13.0,81,0.0,4.3,1016.8,0.0,0.0,0.0
2022-12-06 19:00:00,12.3,84,0.0,4.6,1017.2,0.0,0.0,0.0
2022-12-06 20:00:00,11.2,87,0.0,4.2,1017.5,0.0,0.0,0.0
2022-12-06 21:00:00,9.9,86,0.0,2.5,1017.8,0.0,0.0,0.0
2022-12-06 22:00:00,8.8,88,0.0,2.7,1018.3,0.0,0.0,0.0
2022-12-06 23:00:00,7.9,89,0.0,4.4,1018.7,0.0,0.0,0.0
2022-12-07 00:00:00,7.5,90,0.8,4.2,1019.1,0.0,0.8,0.0
2022-12-07 01:00:00,7.4,90,0.1,3.8,1019.2,0.0,0.1,0.0
2022-12-07 02:00:00,7.2,89,0.2,6.6,1019.3,0.0,0.2,0.0
2022-12-07 03:00:00,7.4,86,0.9,7.5,1019.6,0.0,0.9,0.0
2022-12-07 04:00:00,8.8,82,0.4,4.7,1019.9,0.0,0.4,0.0
2022-12-07 05:00:00,9.6,80,0.3,2.1,1019.7,0.0,0.3,0.0
2022-12-07 06:00:00,6.7,89,0.0,6.9,1020.1,0.0,0.0,0.0
2022-12-07 07:00:00,7.5,82,0.0,8.0,1020.6,0.0,0.0,0.0
2022-12-07 08:00:00,6.4,85,0.0,4.4,1021.6,0.0,0.0,0.0
2022-12-07 09:00:00,8.9,80,0.0,6.4,1022.3,0.0,0.0,0.0
2022-12-07 10:00:00,11.5,70,0.0,7.6,1023.0,0.0,0.0,0.0
2022-12-07 11:00:00,12.6,70,0.0,8.6,1023.6,0.0,0.0,0.0
2022-12-07 12:00:00,13.9,65,0.0,6.7,1023.4,0.0,0.0,0.0
2022-12-07 13:00:00,14.7,58,0.0,5.2,1022.8,0.0,0.0,0.0
2022-12-07 14:00:00,15.4,54,0.0,4.0,1022.4,0.0,0.0,0.0
2022-12-07 15:00:00,15.8,49,0.0,4.3,1022.2,0.0,0.0,0.0
2022-12-07 16:00:00,15.5,49,0.0,6.1,1022.5,0.0,0.0,0.0
2022-12-07 17:00:00,14.0,56,0.0,14.8,1023.3,0.0,0.0,0.0
2022-12-07 18:00:00,12.3,69,0.0,7.3,1023.7,0.0,0.0,0.0
2022-12-07 19:00:00,11.0,76,0.0,4.7,1023.8,0.0,0.0,0.0
2022-12-07 20:00:00,9.4,77,0.0,5.8,1024.2,0.0,0.0,0.0
2022-12-07 21:00:00,7.7,84,0.0,4.3,1024.5,0.0,0.0,0.0
2022-12-07 22:00:00,6.5,88,0.0,4.0,1024.6,0.0,0.0,0.0
2022-12-07 23:00:00,5.6,89,0.0,4.3,1024.9,0.0,0.0,0.0
2022-12-08 00:00:00,5.4,88,0.0,5.2,1025.6,0.0,0.0,0.0
2022-12-08 01:00:00,5.5,87,0.0,4.4,1025.7,0.0,0.0,0.0
2022-12-08 02:00:00,5.6,86,0.0,5.4,1026.2,0.0,0.0,0.0
2022-12-08 03:00:00,5.5,83,0.0,5.5,1026.4,0.0,0.0,0.0
2022-12-08 04:00:00,5.5,79,0.0,4.8,1026.3,0.0,0.0,0.0
2022-12-08 05:00:00,7.0,72,0.0,3.1,1025.2,0.0,0.0,0.0
2022-12-08 06:00:00,5.6,79,0.0,7.6,1025.5,0.0,0.0,0.0
2022-12-08 07:00:00,5.2,79,0.0,9.1,1025.9,0.0,0.0,0.0
2022-12-08 08:00:00,5.5,75,0.0,8.8,1026.1,0.0,0.0,0.0
2022-12-08 09:00:00,8.3,69,0.0,3.3,1026.4,0.0,0.0,0.0
2022-12-08 10:00:00,11.0,59,0.0,3.0,1026.6,0.0,0.0,0.0
2022-12-08 11:00:00,13.1,53,0.0,2.1,1026.6,0.0,0.0,0.0
2022-12-08 12:00:00,14.7,49,0.0,4.9,1025.8,0.0,0.0,0.0
2022-12-08 13:00:00,15.9,43,0.0,6.5,1024.5,0.0,0.0,0.0
2022-12-08 14:00:00,16.6,41,0.0,6.6,1023.7,0.0,0.0,0.0
2022-12-08 15:00:00,16.4,46,0.0,12.0,1023.1,0.0,0.0,0.0
2022-12-08 16:00:00,15.3,59,0.0,15.5,1022.8,0.0,0.0,0.0
2022-12-08 17:00:00,13.8,68,0.0,13.9,1022.9,0.0,0.0,0.0
2022-12-08 18:00:00,12.1,78,0.0,9.0,1022.7,0.0,0.0,0.0
2022-12-08 19:00:00,11.1,81,0.0,8.0,1022.9,0.0,0.0,0.0
2022-12-08 20:00:00,10.2,83,0.0,5.9,1022.9,0.0,0.0,0.0
2022-12-08 21:00:00,9.0,86,0.0,5.6,1022.9,0.0,0.0,0.0
2022-12-08 22:00:00,7.6,88,0.0,5.0,1023.1,0.0,0.0,0.0
2022-12-08 23:00:00,6.5,86,0.0,3.3,1023.2,0.0,0.0,0.0
2022-12-09 00:00:00,5.9,83,0.0,2.9,1023.1,0.0,0.0,0.0
2022-12-09 01:00:00,5.4,81,0.0,4.6,1022.7,0.0,0.0,0.0
2022-12-09 02:00:00,5.4,81,0.0,8.8,1022.3,0.0,0.0,0.0
2022-12-09 03:00:00,5.6,80,0.0,9.3,1022.1,0.0,0.0,0.0
2022-12-09 04:00:00,5.6,80,0.0,9.2,1022.2,0.0,0.0,0.0
2022-12-09 05:00:00,5.0,82,0.0,10.7,1021.7,0.0,0.0,0.0
2022-12-09 06:00:00,5.3,80,0.0,9.5,1021.6,0.0,0.0,0.0
2022-12-09 07:00:00,4.9,78,0.0,9.5,1021.8,0.0,0.0,0.0
2022-12-09 08:00:00,4.7,79,0.0,9.4,1022.2,0.0,0.0,0.0
2022-12-09 09:00:00,7.9,69,0.0,4.6,1022.4,0.0,0.0,0.0
2022-12-09 10:00:00,10.5,60,0.0,6.5,1022.7,0.0,0.0,0.0
2022-12-09 11:00:00,12.3,55,0.0,5.8,1022.6,0.0,0.0,0.0
2022-12-09 12:00:00,13.7,50,0.0,5.6,1021.7,0.0,0.0,0.0
2022-12-09 13:00:00,14.9,46,0.0,4.8,1020.3,0.0,0.0,0.0
2022-12-09 14:00:00,15.8,45,0.0,3.7,1019.8,0.0,0.0,0.0
2022-12-09 15:00:00,16.4,45,0.0,4.8,1019.4,0.0,0.0,0.0
2022-12-09 16:00:00,16.2,48,0.0,8.2,1019.2,0.0,0.0,0.0
2022-12-09 17:00:00,14.9,64,0.0,7.1,1019.1,0.0,0.0,0.0
2022-12-09 18:00:00,12.6,78,0.0,6.0,1019.1,0.0,0.0,0.0
2022-12-09 19:00:00,10.7,87,0.0,7.2,1019.3,0.0,0.0,0.0
2022-12-09 20:00:00,10.0,84,0.0,4.8,1019.6,0.0,0.0,0.0
2022-12-09 21:00:00,8.9,86,0.0,5.1,1020.0,0.0,0.0,0.0
2022-12-09 22:00:00,8.1,88,0.0,6.9,1020.1,0.0,0.0,0.0
2022-12-09 23:00:00,7.7,88,0.0,5.4,1020.2,0.0,0.0,0.0
2022-12-10 00:00:00,8.4,81,0.0,3.0,1020.4,0.0,0.0,0.0
2022-12-10 01:00:00,7.5,82,0.0,4.5,1020.1,0.0,0.0,0.0
2022-12-10 02:00:00,7.0,81,0.0,5.2,1019.9,0.0,0.0,0.0
2022-12-10 03:00:00,7.3,78,0.0,4.2,1020.1,0.0,0.0,0.0
2022-12-10 04:00:00,6.5,82,0.0,7.4,1020.0,0.0,0.0,0.0
2022-12-10 05:00:00,5.6,88,0.0,9.0,1020.0,0.0,0.0,0.0
2022-12-10 06:00:00,6.5,82,0.0,5.9,1020.2,0.0,0.0,0.0
2022-12-10 07:00:00,7.0,74,0.0,5.6,1020.4,0.0,0.0,0.0
2022-12-10 08:00:00,6.1,77,0.0,7.4,1020.7,0.0,0.0,0.0
2022-12-10 09:00:00,9.2,65,0.0,3.7,1020.9,0.0,0.0,0.0
2022-12-10 10:00:00,11.4,62,0.0,3.6,1021.4,0.0,0.0,0.0
2022-12-10 11:00:00,13.1,63,0.0,5.5,1021.4,0.0,0.0,0.0
2022-12-10 12:00:00,14.1,60,0.0,6.9,1020.8,0.0,0.0,0.0
2022-12-10 13:00:00,14.2,61,0.0,5.9,1019.7,0.0,0.0,0.0
2022-12-10 14:00:00,14.3,66,0.0,3.3,1019.2,0.0,0.0,0.0
2022-12-10 15:00:00,14.7,68,0.0,3.4,1018.7,0.0,0.0,0.0
2022-12-10 16:00:00,14.8,72,0.1,6.4,1018.2,0.0,0.1,0.0
2022-12-10 17:00:00,14.8,73,0.1,11.9,1018.1,0.0,0.1,0.0
2022-12-10 18:00:00,13.9,80,0.1,6.0,1017.7,0.0,0.1,0.0
2022-12-10 19:00:00,12.5,88,0.2,5.6,1017.5,0.0,0.2,0.0
2022-12-10 20:00:00,12.3,89,0.0,5.2,1017.7,0.0,0.0,0.0
2022-12-10 21:00:00,12.4,90,0.0,6.9,1017.7,0.0,0.0,0.0
2022-12-10 22:00:00,12.0,92,0.0,9.5,1017.6,0.0,0.0,0.0
2022-12-10 23:00:00,11.8,92,0.2,13.6,1017.5,0.0,0.2,0.0
2022-12-11 00:00:00,11.7,93,0.6,14.2,1017.1,0.0,0.6,0.0
2022-12-11 01:00:00,11.9,94,1.6,12.6,1016.7,0.0,1.6,0.0
2022-12-11 02:00:00,12.0,97,1.6,15.4,1015.9,0.0,1.6,0.0
2022-12-11 03:00:00,12.4,97,0.7,17.8,1015.2,0.0,0.7,0.0
2022-12-11 04:00:00,13.0,95,1.2,22.9,1014.2,0.0,1.2,0.0
2022-12-11 05:00:00,12.4,93,3.4,23.8,1013.8,0.0,3.4,0.0
2022-12-11 06:00:00,12.6,95,4.6,21.9,1013.5,0.0,4.6,0.0
2022-12-11 07:00:00,12.6,94,6.2,22.6,1013.1,0.0,6.2,0.0
2022-12-11 08:00:00,12.8,96,6.3,20.6,1012.9,0.0,6.3,0.0
2022-12-11 09:00:00,12.7,95,1.0,14.7,1012.8,0.0,1.0,0.0
2022-12-11 10:00:00,13.0,91,0.8,13.2,1013.1,0.0,0.8,0.0
2022-12-11 11:00:00,13.2,84,0.1,18.5,1013.4,0.0,0.1,0.0
2022-12-11 12:00:00,12.9,86,1.1,17.0,1013.0,0.0,1.1,0.0
2022-12-11 13:00:00,12.5,83,0.5,14.5,1012.7,0.0,0.5,0.0
2022-12-11 14:00:00,12.5,75,0.1,13.6,1012.4,0.0,0.1,0.0
2022-12-11 15:00:00,13.3,59,0.0,17.7,1011.8,0.0,0.0,0.0
2022-12-11 16:00:00,13.4,57,0.0,18.1,1011.6,0.0,0.0,0.0
2022-12-11 17:00:00,12.5,60,0.0,11.3,1011.7,0.0,0.0,0.0
2022-12-11 18:00:00,10.3,71,0.0,11.1,1012.1,0.0,0.0,0.0
2022-12-11 19:00:00,9.4,79,0.0,8.8,1012.3,0.0,0.0,0.0
2022-12-11 20:00:00,8.0,85,0.0,8.5,1012.7,0.0,0.0,0.0
2022-12-11 21:00:00,7.4,83,0.0,5.0,1013.0,0.0,0.0,0.0
2022-12-11 22:00:00,5.8,86,0.0,7.3,1012.9,0.0,0.0,0.0
2022-12-11 23:00:00,5.1,87,0.0,7.7,1012.9,0.0,0.0,0.0
2022-12-12 00:00:00,4.9,87,0.0,8.5,1012.8,0.0,0.0,0.0
2022-12-12 01:00:00,5.2,85,0.0,7.2,1012.7,0.0,0.0,0.0
2022-12-12 02:00:00,5.7,82,0.0,7.6,1012.4,0.0,0.0,0.0
2022-12-12 03:00:00,5.2,87,1.1,6.6,1012.2,0.0,1.1,0.0
2022-12-12 04:00:00,5.3,83,1.5,6.0,1012.4,0.0,1.5,0.0
2022-12-12 05:00:00,6.2,86,1.5,4.6,1011.7,0.0,1.5,0.0
2022-12-12 06:00:00,6.2,86,0.0,5.4,1011.6,0.0,0.0,0.0
2022-12-12 07:00:00,6.5,89,0.2,6.9,1012.0,0.0,0.2,0.0
2022-12-12 08:00:00,6.8,91,1.0,5.7,1012.3,0.0,1.0,0.0
2022-12-12 09:00:00,6.9,92,0.8,11.3,1012.3,0.0,0.8,0.0
2022-12-12 10:00:00,7.8,88,0.1,12.9,1012.7,0.0,0.1,0.0
2022-12-12 11:00:00,8.8,76,0.0,14.7,1012.9,0.0,0.0,0.0
2022-12-12 12:00:00,9.8,70,0.0,15.9,1012.5,0.0,0.0,0.0
2022-12-12 13:00:00,10.8,68,0.0,12.2,1012.0,0.0,0.0,0.0
2022-12-12 14:00:00,11.4,64,0.0,7.9,1011.6,0.0,0.0,0.0
2022-12-12 15:00:00,11.7,61,0.0,6.9,1011.6,0.0,0.0,0.0
2022-12-12 16:00:00,11.6,59,0.0,2.9,1011.7,0.0,0.0,0.0
2022-12-12 17:00:00,10.1,72,0.0,6.2,1012.2,0.0,0.0,0.0
2022-12-12 18:00:00,8.4,82,0.0,8.4,1012.5,0.0,0.0,0.0
2022-12-12 19:00:00,7.4,86,0.0,8.4,1013.1,0.0,0.0,0.0
2022-12-12 20:00:00,6.9,87,0.0,4.4,1013.9,0.0,0.0,0.0
2022-12-12 21:00:00,6.5,88,0.0,3.0,1014.3,0.0,0.0,0.0
2022-12-12 22:00:00,5.3,91,0.0,3.3,1014.8,0.0,0.0,0.0
2022-12-12 23:00:00,4.8,90,0.0,2.6,1015.3,0.0,0.0,0.0
2022-12-13 00:00:00,3.3,93,0.0,6.4,1015.6,0.0,0.0,0.0
2022-12-13 01:00:00,3.1,91,0.0,8.9,1015.4,0.0,0.0,0.0
2022-12-13 02:00:00,3.4,89,0.0,5.9,1015.2,0.0,0.0,0.0
2022-12-13 03:00:00,3.5,89,0.0,5.9,1015.5,0.0,0.0,0.0
2022-12-13 04:00:00,2.9,90,0.0,6.0,1015.7,0.0,0.0,0.0
2022-12-13 05:00:00,4.1,83,0.0,6.7,1015.1,0.0,0.0,0.0
2022-12-13 06:00:00,3.8,84,0.0,5.4,1015.3,0.0,0.0,0.0
2022-12-13 07:00:00,3.1,85,0.0,4.3,1016.2,0.0,0.0,0.0
2022-12-13 08:00:00,2.7,85,0.0,3.4,1016.9,0.0,0.0,0.0
2022-12-13 09:00:00,4.7,81,0.0,7.8,1017.6,0.0,0.0,0.0
2022-12-13 10:00:00,8.4,71,0.0,5.2,1018.3,0.0,0.0,0.0
2022-12-13 11:00:00,10.8,61,0.0,6.7,1018.7,0.0,0.0,0.0
2022-12-13 12:00:00,12.0,58,0.0,5.4,1018.3,0.0,0.0,0.0
2022-12-13 13:00:00,12.6,55,0.0,3.6,1018.0,0.0,0.0,0.0
2022-12-13 14:00:00,13.1,52,0.0,3.9,1017.6,0.0,0.0,0.0
2022-12-13 15:00:00,13.3,49,0.0,4.5,1017.6,0.0,0.0,0.0
2022-12-13 16:00:00,13.3,50,0.0,5.0,1017.8,0.0,0.0,0.0
2022-12-13 17:00:00,12.7,63,0.0,6.3,1017.9,0.0,0.0,0.0
2022-12-13 18:00:00,10.1,76,0.0,6.2,1018.3,0.0,0.0,0.0
2022-12-13 19:00:00,8.7,77,0.0,6.8,1018.7,0.0,0.0,0.0
2022-12-13 20:00:00,7.2,80,0.0,6.0,1019.2,0.0,0.0,0.0
2022-12-13 21:00:00,6.3,81,0.0,4.0,1019.9,0.0,0.0,0.0
2022-12-13 22:00:00,5.1,83,0.0,4.7,1020.4,0.0,0.0,0.0
2022-12-13 23:00:00,3.8,85,0.0,3.3,1021.2,0.0,0.0,0.0
2022-12-14 00:00:00,3.3,85,0.0,4.2,1021.6,0.0,0.0,0.0
2022-12-14 01:00:00,3.5,82,0.0,6.6,1021.1,0.0,0.0,0.0
2022-12-14 02:00:00,3.9,79,0.0,6.6,1021.1,0.0,0.0,0.0
2022-12-14 03:00:00,4.0,76,0.0,8.4,1021.3,0.0,0.0,0.0
2022-12-14 04:00:00,3.6,77,0.0,9.5,1021.3,0.0,0.0,0.0
2022-12-14 05:00:00,5.2,70,0.0,7.2,1020.6,0.0,0.0,0.0
2022-12-14 06:00:00,4.6,74,0.0,9.2,1021.0,0.0,0.0,0.0
2022-12-14 07:00:00,4.4,73,0.0,9.7,1021.2,0.0,0.0,0.0
2022-12-14 08:00:00,4.5,71,0.0,9.4,1021.7,0.0,0.0,0.0
2022-12-14 09:00:00,7.0,67,0.0,4.8,1022.3,0.0,0.0,0.0
2022-12-14 10:00:00,9.1,59,0.0,4.1,1022.9,0.0,0.0,0.0
2022-12-14 11:00:00,11.3,56,0.0,3.1,1023.4,0.0,0.0,0.0
2022-12-14 12:00:00,13.2,50,0.0,1.6,1023.1,0.0,0.0,0.0
2022-12-14 13:00:00,14.1,48,0.0,3.0,1022.0,0.0,0.0,0.0
2022-12-14 14:00:00,14.8,44,0.0,3.8,1021.0,0.0,0.0,0.0
2022-12-14 15:00:00,15.0,43,0.0,5.6,1020.8,0.0,0.0,0.0
2022-12-14 16:00:00,14.7,43,0.0,4.7,1020.9,0.0,0.0,0.0
2022-12-14 17:00:00,13.7,58,0.0,5.8,1020.4,0.0,0.0,0.0
2022-12-14 18:00:00,10.7,76,0.0,9.1,1020.6,0.0,0.0,0.0
2022-12-14 19:00:00,9.5,79,0.0,6.6,1021.0,0.0,0.0,0.0
2022-12-14 20:00:00,8.5,79,0.0,5.1,1021.3,0.0,0.0,0.0
2022-12-14 21:00:00,8.1,75,0.0,5.0,1021.7,0.0,0.0,0.0
2022-12-14 22:00:00,6.8,79,0.0,6.4,1021.7,0.0,0.0,0.0
2022-12-14 23:00:00,6.6,79,0.0,6.6,1022.1,0.0,0.0,0.0
2022-12-15 00:00:00,5.9,77,0.0,7.7,1022.4,0.0,0.0,0.0
2022-12-15 01:00:00,6.1,73,0.0,8.4,1022.4,0.0,0.0,0.0
2022-12-15 02:00:00,6.6,71,0.0,7.3,1021.7,0.0,0.0,0.0
2022-12-15 03:00:00,5.5,74,0.0,8.7,1021.1,0.0,0.0,0.0
2022-12-15 04:00:00,5.4,71,0.0,8.9,1021.0,0.0,0.0,0.0
2022-12-15 05:00:00,6.1,71,0.0,7.3,1020.3,0.0,0.0,0.0
2022-12-15 06:00:00,6.3,69,0.0,6.8,1019.8,0.0,0.0,0.0
2022-12-15 07:00:00,9.1,51,0.0,5.1,1020.0,0.0,0.0,0.0
2022-12-15 08:00:00,7.0,60,0.0,9.5,1020.3,0.0,0.0,0.0
2022-12-15 09:00:00,8.4,67,0.0,6.9,1020.3,0.0,0.0,0.0
2022-12-15 10:00:00,11.0,51,0.0,5.5,1020.9,0.0,0.0,0.0
2022-12-15 11:00:00,12.7,50,0.0,4.0,1020.9,0.0,0.0,0.0
2022-12-15 12:00:00,14.2,47,0.0,3.0,1020.7,0.0,0.0,0.0
2022-12-15 13:00:00,15.2,43,0.0,3.4,1019.8,0.0,0.0,0.0
2022-12-15 14:00:00,16.0,42,0.0,3.4,1019.2,0.0,0.0,0.0
2022-12-15 15:00:00,15.8,43,0.0,5.1,1019.0,0.0,0.0,0.0
2022-12-15 16:00:00,14.6,52,0.0,6.4,1019.2,0.0,0.0,0.0
2022-12-15 17:00:00,13.5,60,0.0,5.2,1019.2,0.0,0.0,0.0
2022-12-15 18:00:00,12.1,67,0.0,4.9,1018.9,0.0,0.0,0.0
2022-12-15 19:00:00,10.6,76,0.0,7.9,1019.1,0.0,0.0,0.0
2022-12-15 20:00:00,12.0,62,0.0,4.6,1019.3,0.0,0.0,0.0
2022-12-15 21:00:00,12.6,56,0.0,3.1,1019.3,0.0,0.0,0.0
2022-12-15 22:00:00,12.5,55,0.0,3.1,1019.7,0.0,0.0,0.0
2022-12-15 23:00:00,10.7,63,0.0,4.6,1020.2,0.0,0.0,0.0
2022-12-16 00:00:00,9.6,64,0.0,5.4,1020.5,0.0,0.0,0.0
2022-12-16 01:00:00,7.8,69,0.0,6.3,1020.3,0.0,0.0,0.0
2022-12-16 02:00:00,8.6,63,0.0,2.8,1020.1,0.0,0.0,0.0
2022-12-16 03:00:00,8.2,64,0.0,3.3,1020.2,0.0,0.0,0.0
2022-12-16 04:00:00,7.4,68,0.0,4.6,1020.0,0.0,0.0,0.0
2022-12-16 05:00:00,7.0,68,0.0,6.9,1019.3,0.0,0.0,0.0
2022-12-16 06:00:00,7.5,70,0.0,3.1,1019.3,0.0,0.0,0.0
2022-12-16 07:00:00,7.5,64,0.0,3.1,1019.5,0.0,0.0,0.0
2022-12-16 08:00:00,6.7,67,0.0,2.9,1019.7,0.0,0.0,0.0
2022-12-16 09:00:00,8.3,60,0.0,2.2,1019.9,0.0,0.0,0.0
2022-12-16 10:00:00,10.4,67,0.0,3.3,1020.4,0.0,0.0,0.0
2022-12-16 11:00:00,12.0,52,0.0,6.7,1021.0,0.0,0.0,0.0
2022-12-16 12:00:00,13.3,42,0.0,1.9,1020.5,0.0,0.0,0.0
2022-12-16 13:00:00,15.2,35,0.0,3.9,1019.6,0.0,0.0,0.0
2022-12-16 14:00:00,16.6,31,0.0,5.4,1018.9,0.0,0.0,0.0
2022-12-16 15:00:00,17.2,29,0.0,5.2,1018.6,0.0,0.0,0.0
2022-12-16 16:00:00,16.9,31,0.0,4.5,1018.3,0.0,0.0,0.0
2022-12-16 17:00:00,16.5,42,0.0,4.3,1017.5,0.0,0.0,0.0
2022-12-16 18:00:00,16.8,28,0.0,5.0,1017.6,0.0,0.0,0.0
2022-12-16 19:00:00,11.6,57,0.0,4.7,1018.0,0.0,0.0,0.0
2022-12-16 20:00:00,8.7,65,0.0,4.1,1018.4,0.0,0.0,0.0
2022-12-16 21:00:00,6.1,74,0.0,4.3,1018.6,0.0,0.0,0.0
2022-12-16 22:00:00,5.2,75,0.0,3.8,1019.1,0.0,0.0,0.0
2022-12-16 23:00:00,5.2,72,0.0,3.6,1019.5,0.0,0.0,0.0
2022-12-17 00:00:00,4.8,71,0.0,3.4,1019.8,0.0,0.0,0.0
2022-12-17 01:00:00,4.4,69,0.0,4.2,1019.6,0.0,0.0,0.0
2022-12-17 02:00:00,5.3,60,0.0,1.9,1019.3,0.0,0.0,0.0
2022-12-17 03:00:00,5.8,57,0.0,4.7,1019.3,0.0,0.0,0.0
2022-12-17 04:00:00,6.0,54,0.0,5.6,1018.8,0.0,0.0,0.0
2022-12-17 05:00:00,3.9,68,0.0,5.9,1018.3,0.0,0.0,0.0
2022-12-17 06:00:00,4.0,68,0.0,4.7,1018.3,0.0,0.0,0.0
2022-12-17 07:00:00,3.7,68,0.0,4.7,1018.3,0.0,0.0,0.0
2022-12-17 08:00:00,3.3,71,0.0,3.8,1018.7,0.0,0.0,0.0
2022-12-17 09:00:00,5.5,66,0.0,5.5,1018.9,0.0,0.0,0.0
2022-12-17 10:00:00,9.4,60,0.0,7.0,1018.9,0.0,0.0,0.0
2022-12-17 11:00:00,12.2,43,0.0,5.7,1018.9,0.0,0.0,0.0
2022-12-17 12:00:00,14.2,39,0.0,4.3,1018.3,0.0,0.0,0.0
2022-12-17 13:00:00,15.9,34,0.0,4.0,1017.1,0.0,0.0,0.0
2022-12-17 14:00:00,16.9,29,0.0,4.5,1016.2,0.0,0.0,0.0
2022-12-17 15:00:00,17.4,26,0.0,4.9,1015.3,0.0,0.0,0.0
2022-12-17 16:00:00,17.1,29,0.0,4.1,1014.9,0.0,0.0,0.0
2022-12-17 17:00:00,14.3,65,0.0,4.6,1014.5,0.0,0.0,0.0
2022-12-17 18:00:00,13.5,51,0.0,5.1,1014.3,0.0,0.0,0.0
2022-12-17 19:00:00,12.3,54,0.0,8.6,1014.5,0.0,0.0,0.0
2022-12-17 20:00:00,13.8,39,0.0,3.3,1014.8,0.0,0.0,0.0
2022-12-17 21:00:00,10.1,57,0.0,6.0,1015.0,0.0,0.0,0.0
2022-12-17 22:00:00,8.3,63,0.0,5.6,1015.1,0.0,0.0,0.0
2022-12-17 23:00:00,7.0,66,0.0,4.3,1015.0,0.0,0.0,0.0
2022-12-18 00:00:00,6.7,68,0.0,4.8,1015.3,0.0,0.0,0.0
2022-12-18 01:00:00,6.9,68,0.0,5.4,1015.1,0.0,0.0,0.0
2022-12-18 02:00:00,7.2,65,0.0,8.6,1014.8,0.0,0.0,0.0
2022-12-18 03:00:00,8.2,49,0.0,8.3,1014.8,0.0,0.0,0.0
2022-12-18 04:00:00,10.1,35,0.0,7.4,1014.8,0.0,0.0,0.0
2022-12-18 05:00:00,10.4,34,0.0,6.4,1014.2,0.0,0.0,0.0
2022-12-18 06:00:00,9.2,34,0.0,7.9,1014.1,0.0,0.0,0.0
2022-12-18 07:00:00,6.3,45,0.0,10.4,1014.6,0.0,0.0,0.0
2022-12-18 08:00:00,5.3,49,0.0,11.1,1014.9,0.0,0.0,0.0
2022-12-18 09:00:00,7.7,46,0.0,5.4,1015.5,0.0,0.0,0.0
2022-12-18 10:00:00,11.8,38,0.0,5.4,1016.0,0.0,0.0,0.0
2022-12-18 11:00:00,14.5,32,0.0,3.4,1016.4,0.0,0.0,0.0
2022-12-18 12:00:00,15.8,31,0.0,4.9,1016.1,0.0,0.0,0.0
2022-12-18 13:00:00,16.6,31,0.0,5.7,1015.6,0.0,0.0,0.0
2022-12-18 14:00:00,17.0,33,0.0,6.4,1015.1,0.0,0.0,0.0
2022-12-18 15:00:00,17.1,37,0.0,7.3,1015.1,0.0,0.0,0.0
2022-12-18 16:00:00,16.6,40,0.0,8.2,1015.7,0.0,0.0,0.0
2022-12-18 17:00:00,14.6,52,0.0,8.2,1015.6,0.0,0.0,0.0
2022-12-18 18:00:00,10.8,71,0.0,8.0,1016.2,0.0,0.0,0.0
2022-12-18 19:00:00,11.7,57,0.0,2.3,1017.0,0.0,0.0,0.0
2022-12-18 20:00:00,10.9,60,0.0,2.8,1017.6,0.0,0.0,0.0
2022-12-18 21:00:00,8.2,72,0.0,4.6,1018.4,0.0,0.0,0.0
2022-12-18 22:00:00,7.0,75,0.0,6.8,1018.9,0.0,0.0,0.0
2022-12-18 23:00:00,6.0,77,0.0,5.9,1019.7,0.0,0.0,0.0
2022-12-19 00:00:00,5.8,75,0.0,7.6,1019.6,0.0,0.0,0.0
2022-12-19 01:00:00,5.2,76,0.0,6.1,1020.3,0.0,0.0,0.0
2022-12-19 02:00:00,4.9,73,0.0,7.7,1020.7,0.0,0.0,0.0
2022-12-19 03:00:00,4.5,72,0.0,9.4,1020.9,0.0,0.0,0.0
2022-12-19 04:00:00,4.4,68,0.0,8.0,1021.0,0.0,0.0,0.0
2022-12-19 05:00:00,7.2,52,0.0,3.5,1021.3,0.0,0.0,0.0
2022-12-19 06:00:00,6.2,55,0.0,5.4,1021.9,0.0,0.0,0.0
2022-12-19 07:00:00,6.5,50,0.0,5.8,1022.4,0.0,0.0,0.0
2022-12-19 08:00:00,4.8,57,0.0,8.5,1023.0,0.0,0.0,0.0
2022-12-19 09:00:00,6.8,63,0.0,7.6,1023.6,0.0,0.0,0.0
2022-12-19 10:00:00,11.0,43,0.0,4.6,1024.5,0.0,0.0,0.0
2022-12-19 11:00:00,13.4,39,0.0,3.8,1025.1,0.0,0.0,0.0
2022-12-19 12:00:00,15.1,34,0.0,4.5,1024.6,0.0,0.0,0.0
2022-12-19 13:00:00,16.2,32,0.0,2.9,1023.7,0.0,0.0,0.0
2022-12-19 14:00:00,17.0,30,0.0,2.2,1023.1,0.0,0.0,0.0
2022-12-19 15:00:00,17.5,29,0.0,3.6,1022.6,0.0,0.0,0.0
2022-12-19 16:00:00,17.6,29,0.0,2.8,1022.4,0.0,0.0,0.0
2022-12-19 17:00:00,16.7,46,0.0,2.6,1022.3,0.0,0.0,0.0
2022-12-19 18:00:00,12.2,58,0.0,8.2,1022.6,0.0,0.0,0.0
2022-12-19 19:00:00,10.3,60,0.0,8.2,1023.1,0.0,0.0,0.0
2022-12-19 20:00:00,9.0,63,0.0,9.4,1023.8,0.0,0.0,0.0
2022-12-19 21:00:00,8.2,66,0.0,8.5,1024.2,0.0,0.0,0.0
2022-12-19 22:00:00,8.7,63,0.0,8.4,1024.4,0.0,0.0,0.0
2022-12-19 23:00:00,11.3,43,0.0,6.8,1024.7,0.0,0.0,0.0
2022-12-20 00:00:00,11.6,41,0.0,5.9,1025.0,0.0,0.0,0.0
2022-12-20 01:00:00,11.8,40,0.0,7.1,1024.9,0.0,0.0,0.0
2022-12-20 02:00:00,11.7,38,0.0,6.5,1024.9,0.0,0.0,0.0
2022-12-20 03:00:00,11.4,38,0.0,6.3,1024.8,0.0,0.0,0.0
2022-12-20 04:00:00,11.3,36,0.0,5.4,1024.7,0.0,0.0,0.0
2022-12-20 05:00:00,10.9,36,0.0,4.3,1024.3,0.0,0.0,0.0
2022-12-20 06:00:00,10.5,36,0.0,5.4,1024.4,0.0,0.0,0.0
2022-12-20 07:00:00,10.0,36,0.0,5.8,1024.4,0.0,0.0,0.0
2022-12-20 08:00:00,7.2,51,0.0,6.3,1024.5,0.0,0.0,0.0
2022-12-20 09:00:00,9.0,57,0.0,4.9,1024.8,0.0,0.0,0.0
2022-12-20 10:00:00,12.5,42,0.0,2.5,1025.3,0.0,0.0,0.0
2022-12-20 11:00:00,14.9,37,0.0,1.5,1025.3,0.0,0.0,0.0
2022-12-20 12:00:00,16.4,35,0.0,3.3,1024.7,0.0,0.0,0.0
2022-12-20 13:00:00,17.5,34,0.0,4.7,1023.5,0.0,0.0,0.0
2022-12-20 14:00:00,18.2,35,0.0,8.2,1022.6,0.0,0.0,0.0
2022-12-20 15:00:00,17.7,44,0.0,11.2,1022.0,0.0,0.0,0.0
2022-12-20 16:00:00,16.1,55,0.0,10.0,1021.7,0.0,0.0,0.0
2022-12-20 17:00:00,15.3,58,0.0,3.9,1021.5,0.0,0.0,0.0
2022-12-20 18:00:00,12.1,82,0.0,6.0,1021.4,0.0,0.0,0.0
2022-12-20 19:00:00,11.7,77,0.0,3.6,1021.6,0.0,0.0,0.0
2022-12-20 20:00:00,10.1,81,0.0,6.9,1021.8,0.0,0.0,0.0
2022-12-20 21:00:00,10.0,76,0.0,7.2,1021.9,0.0,0.0,0.0
2022-12-20 22:00:00,8.9,72,0.0,5.9,1022.2,0.0,0.0,0.0
2022-12-20 23:00:00,8.1,69,0.0,4.7,1022.2,0.0,0.0,0.0
2022-12-21 00:00:00,6.9,73,0.0,3.0,1022.0,0.0,0.0,0.0
2022-12-21 01:00:00,5.9,75,0.0,2.6,1021.5,0.0,0.0,0.0
2022-12-21 02:00:00,5.5,75,0.0,5.1,1020.9,0.0,0.0,0.0
2022-12-21 03:00:00,5.7,72,0.0,5.2,1020.5,0.0,0.0,0.0
2022-12-21 04:00:00,5.6,70,0.0,4.3,1020.6,0.0,0.0,0.0
2022-12-21 05:00:00,4.9,74,0.0,3.2,1020.0,0.0,0.0,0.0
2022-12-21 06:00:00,4.8,72,0.0,4.2,1020.4,0.0,0.0,0.0
2022-12-21 07:00:00,4.7,71,0.0,3.9,1020.5,0.0,0.0,0.0
2022-12-21 08:00:00,4.4,72,0.0,4.8,1020.5,0.0,0.0,0.0
2022-12-21 09:00:00,7.1,63,0.0,5.3,1020.9,0.0,0.0,0.0
2022-12-21 10:00:00,11.1,57,0.0,5.1,1021.2,0.0,0.0,0.0
2022-12-21 11:00:00,14.2,46,0.0,1.6,1021.2,0.0,0.0,0.0
2022-12-21 12:00:00,16.9,38,0.0,2.3,1020.7,0.0,0.0,0.0
2022-12-21 13:00:00,19.3,32,0.0,3.3,1019.6,0.0,0.0,0.0
2022-12-21 14:00:00,20.8,28,0.0,1.9,1018.6,0.0,0.0,0.0
2022-12-21 15:00:00,21.1,29,0.0,4.3,1018.0,0.0,0.0,0.0
2022-12-21 16:00:00,20.3,33,0.0,5.6,1017.9,0.0,0.0,0.0
2022-12-21 17:00:00,18.5,48,0.0,6.1,1017.5,0.0,0.0,0.0
2022-12-21 18:00:00,14.9,65,0.0,8.9,1017.6,0.0,0.0,0.0
2022-12-21 19:00:00,15.9,53,0.0,2.3,1017.4,0.0,0.0,0.0
2022-12-21 20:00:00,11.9,74,0.0,7.4,1017.5,0.0,0.0,0.0
2022-12-21 21:00:00,10.8,72,0.0,7.9,1017.7,0.0,0.0,0.0
2022-12-21 22:00:00,9.5,74,0.0,6.6,1017.9,0.0,0.0,0.0
2022-12-21 23:00:00,8.9,73,0.0,5.6,1018.2,0.0,0.0,0.0
2022-12-22 00:00:00,9.2,69,0.0,6.0,1018.2,0.0,0.0,0.0
2022-12-22 01:00:00,9.9,62,0.0,8.0,1017.9,0.0,0.0,0.0
2022-12-22 02:00:00,11.3,51,0.0,6.8,1017.8,0.0,0.0,0.0
2022-12-22 03:00:00,11.2,49,0.0,6.6,1017.8,0.0,0.0,0.0
2022-12-22 04:00:00,10.6,49,0.0,8.4,1017.9,0.0,0.0,0.0
2022-12-22 05:00:00,8.9,61,0.0,12.9,1017.6,0.0,0.0,0.0
2022-12-22 06:00:00,8.4,62,0.0,13.2,1017.5,0.0,0.0,0.0
2022-12-22 07:00:00,8.8,62,0.0,12.4,1017.6,0.0,0.0,0.0
2022-12-22 08:00:00,10.6,51,0.0,9.4,1018.2,0.0,0.0,0.0
2022-12-22 09:00:00,11.3,55,0.0,8.7,1018.7,0.0,0.0,0.0
2022-12-22 10:00:00,14.1,45,0.0,6.1,1019.2,0.0,0.0,0.0
2022-12-22 11:00:00,15.9,43,0.0,5.1,1019.4,0.0,0.0,0.0
2022-12-22 12:00:00,17.7,39,0.0,4.6,1019.3,0.0,0.0,0.0
2022-12-22 13:00:00,19.0,37,0.0,4.4,1018.1,0.0,0.0,0.0
2022-12-22 14:00:00,19.7,36,0.0,4.0,1017.4,0.0,0.0,0.0
2022-12-22 15:00:00,20.0,36,0.0,3.5,1017.2,0.0,0.0,0.0
2022-12-22 16:00:00,20.0,37,0.0,3.6,1017.0,0.0,0.0,0.0
2022-12-22 17:00:00,18.5,65,0.0,3.7,1016.9,0.0,0.0,0.0
2022-12-22 18:00:00,15.6,65,0.0,8.2,1017.1,0.0,0.0,0.0
2022-12-22 19:00:00,13.6,73,0.0,7.0,1017.6,0.0,0.0,0.0
2022-12-22 20:00:00,13.7,66,0.0,6.1,1017.9,0.0,0.0,0.0
2022-12-22 21:00:00,14.1,63,0.0,1.1,1018.4,0.0,0.0,0.0
2022-12-22 22:00:00,13.2,68,0.0,1.8,1019.1,0.0,0.0,0.0
2022-12-22 23:00:00,11.4,77,0.0,5.5,1019.1,0.0,0.0,0.0
2022-12-23 00:00:00,10.1,82,0.0,6.2,1019.6,0.0,0.0,0.0
2022-12-23 01:00:00,9.7,79,0.0,7.7,1019.8,0.0,0.0,0.0
2022-12-23 02:00:00,9.8,75,0.0,7.9,1019.4,0.0,0.0,0.0
2022-12-23 03:00:00,10.5,67,0.0,6.3,1019.3,0.0,0.0,0.0
2022-12-23 04:00:00,8.7,71,0.0,8.8,1019.0,0.0,0.0,0.0
2022-12-23 05:00:00,7.9,79,0.0,10.2,1019.1,0.0,0.0,0.0
2022-12-23 06:00:00,7.4,80,0.0,10.4,1019.2,0.0,0.0,0.0
2022-12-23 07:00:00,6.9,81,0.0,11.2,1019.7,0.0,0.0,0.0
2022-12-23 08:00:00,7.6,75,0.0,9.3,1020.4,0.0,0.0,0.0
2022-12-23 09:00:00,9.7,75,0.0,7.6,1020.9,0.0,0.0,0.0
2022-12-23 10:00:00,12.4,58,0.0,5.1,1021.3,0.0,0.0,0.0
2022-12-23 11:00:00,14.1,53,0.0,5.8,1021.6,0.0,0.0,0.0
2022-12-23 12:00:00,15.7,50,0.0,5.6,1021.4,0.0,0.0,0.0
2022-12-23 13:00:00,17.1,47,0.0,4.3,1020.5,0.0,0.0,0.0
2022-12-23 14:00:00,18.3,43,0.0,5.8,1019.4,0.0,0.0,0.0
2022-12-23 15:00:00,19.3,42,0.0,6.0,1019.0,0.0,0.0,0.0
2022-12-23 16:00:00,19.2,44,0.0,5.4,1019.3,0.0,0.0,0.0
2022-12-23 17:00:00,17.8,56,0.0,3.0,1019.4,0.0,0.0,0.0
2022-12-23 18:00:00,14.3,75,0.0,5.1,1019.9,0.0,0.0,0.0
2022-12-23 19:00:00,12.4,82,0.0,6.1,1020.4,0.0,0.0,0.0
2022-12-23 20:00:00,12.1,78,0.0,6.2,1021.1,0.0,0.0,0.0
2022-12-23 21:00:00,13.5,65,0.0,4.9,1021.5,0.0,0.0,0.0
2022-12-23 22:00:00,12.3,67,0.0,6.6,1021.9,0.0,0.0,0.0
2022-12-23 23:00:00,10.8,70,0.0,8.2,1022.1,0.0,0.0,0.0
2022-12-24 00:00:00,9.8,72,0.0,8.3,1022.4,0.0,0.0,0.0
2022-12-24 01:00:00,10.0,69,0.0,6.9,1022.1,0.0,0.0,0.0
2022-12-24 02:00:00,10.9,63,0.0,5.9,1021.8,0.0,0.0,0.0
2022-12-24 03:00:00,11.5,58,0.0,6.3,1021.8,0.0,0.0,0.0
2022-12-24 04:00:00,13.1,51,0.0,5.8,1021.8,0.0,0.0,0.0
2022-12-24 05:00:00,12.5,53,0.0,3.3,1022.1,0.0,0.0,0.0
2022-12-24 06:00:00,12.5,52,0.0,2.9,1022.3,0.0,0.0,0.0
2022-12-24 07:00:00,10.0,61,0.0,4.1,1022.8,0.0,0.0,0.0
2022-12-24 08:00:00,8.2,68,0.0,5.7,1023.5,0.0,0.0,0.0
2022-12-24 09:00:00,10.1,68,0.0,3.4,1024.1,0.0,0.0,0.0
2022-12-24 10:00:00,13.8,52,0.0,3.4,1024.6,0.0,0.0,0.0
2022-12-24 11:00:00,16.4,48,0.0,4.0,1024.7,0.0,0.0,0.0
2022-12-24 12:00:00,19.1,40,0.0,2.5,1024.4,0.0,0.0,0.0
2022-12-24 13:00:00,21.8,33,0.0,3.8,1023.5,0.0,0.0,0.0
2022-12-24 14:00:00,23.8,28,0.0,5.2,1022.5,0.0,0.0,0.0
2022-12-24 15:00:00,24.1,29,0.0,8.2,1022.2,0.0,0.0,0.0
2022-12-24 16:00:00,22.8,34,0.0,8.1,1021.9,0.0,0.0,0.0
2022-12-24 17:00:00,20.3,44,0.0,5.9,1021.6,0.0,0.0,0.0
2022-12-24 18:00:00,16.0,66,0.0,8.7,1021.8,0.0,0.0,0.0
2022-12-24 19:00:00,15.6,63,0.0,3.7,1022.1,0.0,0.0,0.0
2022-12-24 20:00:00,15.1,61,0.0,5.1,1022.3,0.0,0.0,0.0
2022-12-24 21:00:00,13.6,59,0.0,5.4,1022.3,0.0,0.0,0.0
2022-12-24 22:00:00,12.2,59,0.0,4.5,1022.3,0.0,0.0,0.0
2022-12-24 23:00:00,10.8,64,0.0,4.9,1022.4,0.0,0.0,0.0
2022-12-25 00:00:00,10.2,66,0.0,6.5,1022.6,0.0,0.0,0.0
2022-12-25 01:00:00,12.7,51,0.0,7.9,1022.4,0.0,0.0,0.0
2022-12-25 02:00:00,15.9,37,0.0,5.9,1022.1,0.0,0.0,0.0
2022-12-25 03:00:00,14.4,41,0.0,6.3,1021.9,0.0,0.0,0.0
2022-12-25 04:00:00,13.1,45,0.0,5.9,1021.8,0.0,0.0,0.0
2022-12-25 05:00:00,8.5,70,0.0,7.4,1021.8,0.0,0.0,0.0
2022-12-25 06:00:00,8.4,70,0.0,9.2,1021.5,0.0,0.0,0.0
2022-12-25 07:00:00,8.6,67,0.0,7.6,1021.8,0.0,0.0,0.0
2022-12-25 08:00:00,8.9,64,0.0,8.9,1022.1,0.0,0.0,0.0
2022-12-25 09:00:00,12.4,56,0.0,6.6,1022.3,0.0,0.0,0.0
2022-12-25 10:00:00,17.3,45,0.0,5.5,1022.7,0.0,0.0,0.0
2022-12-25 11:00:00,20.4,36,0.0,1.6,1022.9,0.0,0.0,0.0
2022-12-25 12:00:00,22.7,31,0.0,3.9,1022.6,0.0,0.0,0.0
2022-12-25 13:00:00,25.1,25,0.0,4.7,1021.5,0.0,0.0,0.0
2022-12-25 14:00:00,26.5,22,0.0,5.4,1020.6,0.0,0.0,0.0
2022-12-25 15:00:00,27.1,21,0.0,7.1,1020.1,0.0,0.0,0.0
2022-12-25 16:00:00,26.1,27,0.0,7.2,1020.0,0.0,0.0,0.0
2022-12-25 17:00:00,22.2,42,0.0,5.8,1019.7,0.0,0.0,0.0
2022-12-25 18:00:00,18.6,52,0.0,7.1,1019.4,0.0,0.0,0.0
2022-12-25 19:00:00,19.1,43,0.0,2.3,1019.6,0.0,0.0,0.0
2022-12-25 20:00:00,17.4,52,0.0,7.6,1020.0,0.0,0.0,0.0
2022-12-25 21:00:00,15.6,57,0.0,9.0,1019.6,0.0,0.0,0.0
2022-12-25 22:00:00,14.4,56,0.0,9.9,1019.4,0.0,0.0,0.0
2022-12-25 23:00:00,13.3,58,0.0,8.0,1020.4,0.0,0.0,0.0
2022-12-26 00:00:00,13.5,55,0.0,11.8,1021.0,0.0,0.0,0.0
2022-12-26 01:00:00,18.8,31,0.0,5.4,1020.3,0.0,0.0,0.0
2022-12-26 02:00:00,14.4,47,0.0,9.7,1019.8,0.0,0.0,0.0
2022-12-26 03:00:00,15.6,40,0.0,10.2,1019.3,0.0,0.0,0.0
2022-12-26 04:00:00,17.8,31,0.0,6.1,1019.2,0.0,0.0,0.0
2022-12-26 05:00:00,16.3,37,0.0,8.4,1018.6,0.0,0.0,0.0
2022-12-26 06:00:00,17.9,31,0.0,5.9,1018.4,0.0,0.0,0.0
2022-12-26 07:00:00,17.8,31,0.0,5.6,1018.4,0.0,0.0,0.0
2022-12-26 08:00:00,16.0,36,0.0,7.2,1018.7,0.0,0.0,0.0
2022-12-26 09:00:00,16.6,37,0.0,7.0,1019.1,0.0,0.0,0.0
2022-12-26 10:00:00,18.9,41,0.0,3.1,1019.4,0.0,0.0,0.0
2022-12-26 11:00:00,21.5,32,0.0,3.0,1019.5,0.0,0.0,0.0
2022-12-26 12:00:00,23.7,28,0.0,1.5,1019.0,0.0,0.0,0.0
2022-12-26 13:00:00,25.6,23,0.0,2.0,1018.2,0.0,0.0,0.0
2022-12-26 14:00:00,26.6,21,0.0,2.4,1017.1,0.0,0.0,0.0
2022-12-26 15:00:00,26.9,22,0.0,3.9,1016.9,0.0,0.0,0.0
2022-12-26 16:00:00,26.4,25,0.0,4.3,1016.7,0.0,0.0,0.0
2022-12-26 17:00:00,23.6,52,0.0,6.9,1016.2,0.0,0.0,0.0
2022-12-26 18:00:00,21.3,43,0.0,6.8,1016.8,0.0,0.0,0.0
2022-12-26 19:00:00,20.0,42,0.0,6.8,1016.8,0.0,0.0,0.0
2022-12-26 20:00:00,19.6,41,0.0,4.1,1017.3,0.0,0.0,0.0
2022-12-26 21:00:00,17.3,51,0.0,5.8,1017.4,0.0,0.0,0.0
2022-12-26 22:00:00,16.7,50,0.0,5.6,1018.1,0.0,0.0,0.0
2022-12-26 23:00:00,15.4,53,0.0,5.8,1018.8,0.0,0.0,0.0
2022-12-27 00:00:00,13.0,61,0.0,8.7,1018.6,0.0,0.0,0.0
2022-12-27 01:00:00,11.8,66,0.0,10.5,1018.5,0.0,0.0,0.0
2022-12-27 02:00:00,12.6,61,0.0,9.5,1017.4,0.0,0.0,0.0
2022-12-27 03:00:00,12.7,68,0.0,7.9,1017.6,0.0,0.0,0.0
2022-12-27 04:00:00,14.0,55,0.0,3.1,1018.1,0.0,0.0,0.0
2022-12-27 05:00:00,13.7,56,0.0,6.5,1016.7,0.0,0.0,0.0
2022-12-27 06:00:00,13.7,56,0.0,5.2,1016.9,0.0,0.0,0.0
2022-12-27 07:00:00,12.1,64,0.0,4.0,1017.3,0.0,0.0,0.0
2022-12-27 08:00:00,13.3,55,0.0,5.0,1017.4,0.0,0.0,0.0
2022-12-27 09:00:00,12.9,59,0.0,6.1,1017.7,0.0,0.0,0.0
2022-12-27 10:00:00,15.4,53,0.0,11.7,1017.3,0.0,0.0,0.0
2022-12-27 11:00:00,16.7,53,0.0,11.3,1017.3,0.0,0.0,0.0
2022-12-27 12:00:00,17.1,52,0.0,8.9,1016.6,0.0,0.0,0.0
2022-12-27 13:00:00,17.2,63,0.0,7.9,1016.0,0.0,0.0,0.0
2022-12-27 14:00:00,17.1,70,0.0,6.5,1015.6,0.0,0.0,0.0
2022-12-27 15:00:00,17.2,67,0.0,1.1,1015.1,0.0,0.0,0.0
2022-12-27 16:00:00,16.7,66,0.2,6.6,1014.3,0.0,0.2,0.0
2022-12-27 17:00:00,15.4,77,0.3,9.1,1014.0,0.0,0.3,0.0
2022-12-27 18:00:00,14.4,85,0.4,5.9,1013.6,0.0,0.4,0.0
2022-12-27 19:00:00,14.2,85,0.7,5.4,1013.8,0.0,0.7,0.0
2022-12-27 20:00:00,13.7,87,1.1,3.3,1013.5,0.0,1.1,0.0
2022-12-27 21:00:00,13.6,95,1.8,2.1,1013.7,0.0,1.8,0.0
2022-12-27 22:00:00,13.3,96,1.6,4.4,1013.2,0.0,1.6,0.0
2022-12-27 23:00:00,13.3,96,2.0,2.3,1013.0,0.0,2.0,0.0
2022-12-28 00:00:00,13.2,96,2.5,1.8,1012.8,0.0,2.5,0.0
2022-12-28 01:00:00,12.9,96,0.9,2.8,1011.9,0.0,0.9,0.0
2022-12-28 02:00:00,12.6,95,0.2,3.1,1011.4,0.0,0.2,0.0
2022-12-28 03:00:00,12.0,95,0.0,3.6,1011.2,0.0,0.0,0.0
2022-12-28 04:00:00,11.4,98,0.0,5.6,1011.3,0.0,0.0,0.0
2022-12-28 05:00:00,10.3,98,0.0,4.4,1011.5,0.0,0.0,0.0
2022-12-28 06:00:00,10.4,97,0.0,6.0,1011.3,0.0,0.0,0.0
2022-12-28 07:00:00,11.1,96,0.0,6.6,1011.7,0.0,0.0,0.0
2022-12-28 08:00:00,10.5,97,0.0,5.1,1011.9,0.0,0.0,0.0
2022-12-28 09:00:00,10.7,96,0.0,3.3,1013.2,0.0,0.0,0.0
2022-12-28 10:00:00,11.4,94,0.0,8.8,1013.7,0.0,0.0,0.0
2022-12-28 11:00:00,12.2,91,0.0,11.1,1014.0,0.0,0.0,0.0
2022-12-28 12:00:00,13.4,83,0.0,13.1,1013.7,0.0,0.0,0.0
2022-12-28 13:00:00,14.8,74,0.0,12.9,1012.9,0.0,0.0,0.0
2022-12-28 14:00:00,16.0,68,0.0,8.4,1012.3,0.0,0.0,0.0
2022-12-28 15:00:00,17.0,63,0.0,5.0,1012.1,0.0,0.0,0.0
2022-12-28 16:00:00,17.3,59,0.0,2.6,1012.1,0.0,0.0,0.0
2022-12-28 17:00:00,16.3,65,0.0,5.9,1012.4,0.0,0.0,0.0
2022-12-28 18:00:00,13.9,82,0.0,7.9,1013.0,0.0,0.0,0.0
2022-12-28 19:00:00,12.5,95,0.0,4.7,1013.5,0.0,0.0,0.0
2022-12-28 20:00:00,11.7,96,0.0,3.6,1014.3,0.0,0.0,0.0
2022-12-28 21:00:00,11.9,94,0.0,4.8,1014.3,0.0,0.0,0.0
2022-12-28 22:00:00,11.7,95,0.0,4.3,1015.0,0.0,0.0,0.0
2022-12-28 23:00:00,12.2,93,0.0,5.4,1015.5,0.0,0.0,0.0
2022-12-29 00:00:00,11.8,92,0.0,7.0,1015.1,0.0,0.0,0.0
2022-12-29 01:00:00,11.0,92,0.0,6.5,1014.7,0.0,0.0,0.0
2022-12-29 02:00:00,10.3,92,0.0,6.2,1014.3,0.0,0.0,0.0
2022-12-29 03:00:00,10.7,92,0.0,6.6,1014.1,0.0,0.0,0.0
2022-12-29 04:00:00,10.7,93,0.0,4.2,1014.9,0.0,0.0,0.0
2022-12-29 05:00:00,11.0,95,0.0,2.6,1014.1,0.0,0.0,0.0
2022-12-29 06:00:00,11.2,94,0.0,3.9,1014.4,0.0,0.0,0.0
2022-12-29 07:00:00,11.9,90,0.0,3.5,1015.1,0.0,0.0,0.0
2022-12-29 08:00:00,11.5,93,0.0,1.8,1015.6,0.0,0.0,0.0
2022-12-29 09:00:00,12.3,91,0.0,1.5,1016.1,0.0,0.0,0.0
2022-12-29 10:00:00,13.0,85,0.0,5.4,1016.2,0.0,0.0,0.0
2022-12-29 11:00:00,14.0,81,0.0,10.1,1016.2,0.0,0.0,0.0
2022-12-29 12:00:00,14.9,75,0.0,9.7,1016.3,0.0,0.0,0.0
2022-12-29 13:00:00,14.9,72,0.0,9.7,1015.1,0.0,0.0,0.0
2022-12-29 14:00:00,15.9,66,0.0,9.7,1014.7,0.0,0.0,0.0
2022-12-29 15:00:00,16.2,64,0.0,8.9,1014.6,0.0,0.0,0.0
2022-12-29 16:00:00,15.6,66,0.0,8.1,1014.8,0.0,0.0,0.0
2022-12-29 17:00:00,14.3,76,0.0,6.7,1015.5,0.0,0.0,0.0
2022-12-29 18:00:00,13.2,89,0.0,3.2,1015.5,0.0,0.0,0.0
2022-12-29 19:00:00,13.2,90,0.0,1.3,1016.1,0.0,0.0,0.0
2022-12-29 20:00:00,12.5,89,0.0,3.1,1016.6,0.0,0.0,0.0
2022-12-29 21:00:00,12.2,91,0.0,4.0,1017.1,0.0,0.0,0.0
2022-12-29 22:00:00,11.6,91,0.0,5.1,1017.9,0.0,0.0,0.0
2022-12-29 23:00:00,12.0,88,0.0,5.5,1018.3,0.0,0.0,0.0
2022-12-30 00:00:00,11.7,87,0.0,5.4,1018.3,0.0,0.0,0.0
2022-12-30 01:00:00,10.9,90,0.0,5.6,1018.3,0.0,0.0,0.0
2022-12-30 02:00:00,10.8,90,0.0,5.4,1018.5,0.0,0.0,0.0
2022-12-30 03:00:00,10.6,90,0.0,5.2,1018.3,0.0,0.0,0.0
2022-12-30 04:00:00,10.4,90,0.0,5.3,1018.5,0.0,0.0,0.0
2022-12-30 05:00:00,11.6,93,0.0,1.8,1018.3,0.0,0.0,0.0
2022-12-30 06:00:00,11.7,93,0.0,3.9,1018.4,0.0,0.0,0.0
2022-12-30 07:00:00,11.5,92,0.0,4.6,1018.4,0.0,0.0,0.0
2022-12-30 08:00:00,11.4,91,0.0,6.3,1018.9,0.0,0.0,0.0
2022-12-30 09:00:00,12.3,87,0.0,8.7,1019.3,0.0,0.0,0.0
2022-12-30 10:00:00,13.2,83,0.0,6.6,1019.7,0.0,0.0,0.0
2022-12-30 11:00:00,13.7,81,0.0,6.3,1020.1,0.0,0.0,0.0
2022-12-30 12:00:00,14.2,79,0.0,5.2,1020.0,0.0,0.0,0.0
2022-12-30 13:00:00,14.8,76,0.0,3.0,1019.2,0.0,0.0,0.0
2022-12-30 14:00:00,15.2,75,0.0,0.8,1018.9,0.0,0.0,0.0
2022-12-30 15:00:00,15.2,76,0.0,1.6,1018.5,0.0,0.0,0.0
2022-12-30 16:00:00,14.9,77,0.0,1.1,1018.5,0.0,0.0,0.0
2022-12-30 17:00:00,14.4,86,0.0,8.6,1018.3,0.0,0.0,0.0
2022-12-30 18:00:00,13.8,91,0.2,7.6,1018.4,0.0,0.2,0.0
2022-12-30 19:00:00,13.5,91,0.2,6.8,1018.8,0.0,0.2,0.0
2022-12-30 20:00:00,13.3,89,0.1,6.8,1018.9,0.0,0.1,0.0
2022-12-30 21:00:00,13.2,88,0.0,5.8,1019.2,0.0,0.0,0.0
2022-12-30 22:00:00,13.1,88,0.0,6.3,1019.5,0.0,0.0,0.0
2022-12-30 23:00:00,13.0,89,0.0,7.9,1019.4,0.0,0.0,0.0
2022-12-31 00:00:00,13.0,92,0.1,6.7,1019.3,0.0,0.1,0.0
2022-12-31 01:00:00,13.1,94,0.1,5.4,1018.9,0.0,0.1,0.0
2022-12-31 02:00:00,13.1,95,0.0,7.7,1018.4,0.0,0.0,0.0
2022-12-31 03:00:00,13.0,97,0.1,7.1,1018.2,0.0,0.1,0.0
2022-12-31 04:00:00,13.0,96,0.4,7.9,1017.9,0.0,0.4,0.0
2022-12-31 05:00:00,13.0,95,0.3,5.6,1017.1,0.0,0.3,0.0
2022-12-31 06:00:00,13.1,95,0.3,5.6,1016.8,0.0,0.3,0.0
2022-12-31 07:00:00,12.9,96,0.5,8.8,1016.4,0.0,0.5,0.0
2022-12-31 08:00:00,12.8,96,0.4,10.7,1016.5,0.0,0.4,0.0
2022-12-31 09:00:00,13.0,95,0.6,10.9,1017.0,0.0,0.6,0.0
2022-12-31 10:00:00,13.4,94,0.6,10.2,1017.3,0.0,0.6,0.0
2022-12-31 11:00:00,13.5,95,1.1,8.4,1017.8,0.0,1.1,0.0
2022-12-31 12:00:00,13.8,96,1.7,6.6,1017.4,0.0,1.7,0.0
2022-12-31 13:00:00,14.4,90,1.0,11.4,1016.2,0.0,1.0,0.0
2022-12-31 14:00:00,14.6,91,0.8,15.4,1015.2,0.0,0.8,0.0
2022-12-31 15:00:00,14.5,90,0.9,16.0,1014.4,0.0,0.9,0.0
2022-12-31 16:00:00,14.3,90,0.3,17.1,1013.8,0.0,0.3,0.0
2022-12-31 17:00:00,14.0,93,0.3,12.6,1013.6,0.0,0.3,0.0
2022-12-31 18:00:00,13.8,94,0.0,14.6,1012.7,0.0,0.0,0.0
2022-12-31 19:00:00,13.6,94,0.1,18.0,1011.6,0.0,0.1,0.0
2022-12-31 20:00:00,13.6,95,0.3,24.4,1010.6,0.0,0.3,0.0
2022-12-31 21:00:00,13.5,97,3.1,26.0,1010.0,0.0,3.1,0.0
2022-12-31 22:00:00,13.6,97,3.4,23.5,1009.4,0.0,3.4,0.0
2022-12-31 23:00:00,13.7,96,4.6,24.6,1008.4,0.0,4.6,0.0
2023-01-01 00:00:00,13.9,96,7.1,36.1,1007.1,0.0,7.1,0.0
2023-01-01 01:00:00,13.3,92,2.0,22.9,1007.3,0.0,2.0,0.0
2023-01-01 02:00:00,13.2,93,0.7,7.1,1005.9,0.0,0.7,0.0
2023-01-01 03:00:00,12.4,94,0.0,9.1,1005.5,0.0,0.0,0.0
2023-01-01 04:00:00,11.1,94,0.0,9.6,1005.4,0.0,0.0,0.0
2023-01-01 05:00:00,10.8,94,0.0,5.0,1006.0,0.0,0.0,0.0
2023-01-01 06:00:00,11.2,94,0.2,5.2,1005.6,0.0,0.2,0.0
2023-01-01 07:00:00,9.8,97,0.0,5.4,1007.1,0.0,0.0,0.0
2023-01-01 08:00:00,8.8,97,0.0,7.6,1007.5,0.0,0.0,0.0
2023-01-01 09:00:00,10.2,93,0.0,10.6,1007.4,0.0,0.0,0.0
2023-01-01 10:00:00,12.2,88,0.0,6.9,1007.6,0.0,0.0,0.0
2023-01-01 11:00:00,13.5,74,0.0,8.4,1008.1,0.0,0.0,0.0
2023-01-01 12:00:00,14.7,68,0.0,11.9,1007.6,0.0,0.0,0.0
2023-01-01 13:00:00,15.7,58,0.0,13.0,1006.7,0.0,0.0,0.0
2023-01-01 14:00:00,16.1,51,0.0,15.9,1005.8,0.0,0.0,0.0
2023-01-01 15:00:00,15.8,52,0.0,16.4,1006.0,0.0,0.0,0.0
2023-01-01 16:00:00,15.4,52,0.0,14.5,1006.5,0.0,0.0,0.0
2023-01-01 17:00:00,14.5,58,0.0,14.2,1007.2,0.0,0.0,0.0
2023-01-01 18:00:00,12.2,61,0.0,13.8,1007.5,0.0,0.0,0.0
2023-01-01 19:00:00,11.2,58,0.0,14.0,1008.4,0.0,0.0,0.0
2023-01-01 20:00:00,11.0,58,0.0,13.1,1009.5,0.0,0.0,0.0
2023-01-01 21:00:00,10.8,58,0.0,16.3,1010.4,0.0,0.0,0.0
2023-01-01 22:00:00,10.6,59,0.0,13.8,1010.5,0.0,0.0,0.0
2023-01-01 23:00:00,10.0,61,0.0,14.5,1010.7,0.0,0.0,0.0
2023-01-02 00:00:00,9.1,64,0.0,19.0,1011.3,0.0,0.0,0.0
2023-01-02 01:00:00,8.7,67,0.0,17.4,1011.6,0.0,0.0,0.0
2023-01-02 02:00:00,7.4,72,0.0,12.0,1011.8,0.0,0.0,0.0
2023-01-02 03:00:00,6.1,78,0.0,7.6,1011.6,0.0,0.0,0.0
2023-01-02 04:00:00,5.1,81,0.0,6.2,1012.2,0.0,0.0,0.0
2023-01-02 05:00:00,5.3,86,0.0,4.8,1012.4,0.0,0.0,0.0
2023-01-02 06:00:00,5.3,85,0.0,3.4,1012.9,0.0,0.0,0.0
2023-01-02 07:00:00,5.5,88,0.0,8.3,1013.2,0.0,0.0,0.0
2023-01-02 08:00:00,6.0,92,0.0,6.4,1014.4,0.0,0.0,0.0
2023-01-02 09:00:00,7.4,85,0.0,6.4,1015.2,0.0,0.0,0.0
2023-01-02 10:00:00,10.1,75,0.0,7.7,1015.9,0.0,0.0,0.0
2023-01-02 11:00:00,11.8,72,0.0,10.4,1016.5,0.0,0.0,0.0
2023-01-02 12:00:00,12.6,71,0.0,11.3,1016.3,0.0,0.0,0.0
2023-01-02 13:00:00,13.2,66,0.0,9.4,1015.5,0.0,0.0,0.0
2023-01-02 14:00:00,13.5,64,0.0,6.4,1015.4,0.0,0.0,0.0
2023-01-02 15:00:00,13.7,64,0.0,6.6,1014.8,0.0,0.0,0.0
2023-01-02 16:00:00,13.5,67,0.0,5.6,1014.9,0.0,0.0,0.0
2023-01-02 17:00:00,12.3,69,0.0,4.6,1015.2,0.0,0.0,0.0
2023-01-02 18:00:00,11.4,85,0.3,5.2,1016.5,0.0,0.3,0.0
2023-01-02 19:00:00,10.8,86,0.6,1.8,1017.0,0.0,0.6,0.0
2023-01-02 20:00:00,10.2,86,0.5,5.8,1016.5,0.0,0.5,0.0
2023-01-02 21:00:00,9.8,85,0.3,10.1,1016.7,0.0,0.3,0.0
2023-01-02 22:00:00,9.6,82,0.1,11.9,1016.8,0.0,0.1,0.0
2023-01-02 23:00:00,9.2,86,0.1,10.0,1017.4,0.0,0.1,0.0
2023-01-03 00:00:00,9.4,88,0.0,13.8,1017.1,0.0,0.0,0.0
2023-01-03 01:00:00,9.5,86,0.3,12.2,1016.8,0.0,0.3,0.0
2023-01-03 02:00:00,9.5,87,0.1,14.5,1016.2,0.0,0.1,0.0
2023-01-03 03:00:00,9.6,89,0.4,17.7,1016.0,0.0,0.4,0.0
2023-01-03 04:00:00,9.8,89,0.6,19.1,1015.5,0.0,0.6,0.0
2023-01-03 05:00:00,9.8,83,1.6,18.5,1017.0,0.0,1.6,0.0
2023-01-03 06:00:00,10.3,81,0.2,17.5,1016.5,0.0,0.2,0.0
2023-01-03 07:00:00,10.3,81,0.2,17.0,1016.5,0.0,0.2,0.0
2023-01-03 08:00:00,10.2,81,0.1,17.0,1017.2,0.0,0.1,0.0
2023-01-03 09:00:00,10.6,81,0.1,20.6,1017.3,0.0,0.1,0.0
2023-01-03 10:00:00,11.5,82,0.0,19.8,1017.8,0.0,0.0,0.0
2023-01-03 11:00:00,12.0,80,0.0,21.2,1018.2,0.0,0.0,0.0
2023-01-03 12:00:00,12.7,80,0.1,17.4,1018.2,0.0,0.1,0.0
2023-01-03 13:00:00,13.0,79,0.3,19.8,1017.3,0.0,0.3,0.0
2023-01-03 14:00:00,13.7,77,0.2,21.6,1016.4,0.0,0.2,0.0
2023-01-03 15:00:00,13.7,79,0.2,16.6,1016.6,0.0,0.2,0.0
2023-01-03 16:00:00,13.7,80,0.1,14.8,1016.5,0.0,0.1,0.0
2023-01-03 17:00:00,14.0,85,0.1,11.4,1017.1,0.0,0.1,0.0
2023-01-03 18:00:00,13.4,89,0.2,12.5,1016.7,0.0,0.2,0.0
2023-01-03 19:00:00,13.0,88,0.4,16.2,1017.4,0.0,0.4,0.0
2023-01-03 20:00:00,13.2,88,0.3,15.3,1018.1,0.0,0.3,0.0
2023-01-03 21:00:00,13.4,87,0.0,13.8,1018.5,0.0,0.0,0.0
2023-01-03 22:00:00,13.5,87,0.0,15.5,1018.6,0.0,0.0,0.0
2023-01-03 23:00:00,13.6,86,0.2,17.6,1018.5,0.0,0.2,0.0
2023-01-04 00:00:00,13.3,88,1.0,12.6,1019.2,0.0,1.0,0.0
2023-01-04 01:00:00,12.9,91,1.6,14.0,1019.0,0.0,1.6,0.0
2023-01-04 02:00:00,12.6,95,1.5,14.8,1018.8,0.0,1.5,0.0
2023-01-04 03:00:00,13.0,91,0.0,18.0,1018.5,0.0,0.0,0.0
2023-01-04 04:00:00,13.1,90,0.0,15.7,1018.3,0.0,0.0,0.0
2023-01-04 05:00:00,13.3,93,0.0,11.5,1017.6,0.0,0.0,0.0
2023-01-04 06:00:00,12.9,95,0.0,18.2,1017.7,0.0,0.0,0.0
2023-01-04 07:00:00,13.2,93,0.1,15.0,1019.1,0.0,0.1,0.0
2023-01-04 08:00:00,13.3,93,0.0,14.8,1019.0,0.0,0.0,0.0
2023-01-04 09:00:00,13.3,89,0.8,12.6,1019.0,0.0,0.8,0.0
2023-01-04 10:00:00,13.7,90,2.0,15.8,1019.7,0.0,2.0,0.0
2023-01-04 11:00:00,14.2,91,0.5,18.0,1019.8,0.0,0.5,0.0
2023-01-04 12:00:00,14.7,89,0.2,17.3,1019.7,0.0,0.2,0.0
2023-01-04 13:00:00,14.7,90,1.6,16.9,1018.6,0.0,1.6,0.0
2023-01-04 14:00:00,14.4,97,2.8,13.7,1018.2,0.0,2.8,0.0
2023-01-04 15:00:00,15.2,94,0.8,15.3,1017.8,0.0,0.8,0.0
2023-01-04 16:00:00,14.9,96,0.1,16.6,1017.5,0.0,0.1,0.0
2023-01-04 17:00:00,15.3,90,0.1,13.8,1017.1,0.0,0.1,0.0
2023-01-04 18:00:00,14.1,97,3.5,15.0,1017.4,0.0,3.5,0.0
2023-01-04 19:00:00,13.7,98,0.7,13.8,1018.1,0.0,0.7,0.0
2023-01-04 20:00:00,13.6,99,0.7,12.0,1017.8,0.0,0.7,0.0
2023-01-04 21:00:00,13.8,96,1.3,13.9,1018.0,0.0,1.3,0.0
2023-01-04 22:00:00,13.6,97,0.3,12.0,1018.0,0.0,0.3,0.0
2023-01-04 23:00:00,13.6,95,0.2,12.8,1017.9,0.0,0.2,0.0
2023-01-05 00:00:00,13.5,89,0.1,16.4,1017.4,0.0,0.1,0.0
2023-01-05 01:00:00,13.0,90,0.0,17.0,1017.4,0.0,0.0,0.0
2023-01-05 02:00:00,12.7,90,0.6,16.7,1018.2,0.0,0.6,0.0
2023-01-05 03:00:00,12.1,95,2.7,14.2,1018.1,0.0,2.7,0.0
2023-01-05 04:00:00,12.0,95,3.0,17.7,1018.1,0.0,3.0,0.0
2023-01-05 05:00:00,12.3,94,3.8,18.2,1016.9,0.0,3.8,0.0
2023-01-05 06:00:00,12.2,95,1.2,17.1,1016.5,0.0,1.2,0.0
2023-01-05 07:00:00,12.1,94,2.0,19.6,1016.6,0.0,2.0,0.0
2023-01-05 08:00:00,12.2,93,3.7,25.9,1016.6,0.0,3.7,0.0
2023-01-05 09:00:00,12.0,96,4.0,20.8,1016.5,0.0,4.0,0.0
2023-01-05 10:00:00,12.1,97,3.9,21.4,1017.1,0.0,3.9,0.0
2023-01-05 11:00:00,13.2,92,1.4,15.0,1017.6,0.0,1.4,0.0
2023-01-05 12:00:00,14.3,85,0.0,11.8,1017.7,0.0,0.0,0.0
2023-01-05 13:00:00,15.4,79,0.1,13.0,1017.2,0.0,0.1,0.0
2023-01-05 14:00:00,13.8,83,1.9,19.4,1017.3,0.0,1.9,0.0
2023-01-05 15:00:00,14.6,81,0.1,15.0,1017.7,0.0,0.1,0.0
2023-01-05 16:00:00,13.9,81,0.0,9.1,1018.0,0.0,0.0,0.0
2023-01-05 17:00:00,13.5,82,0.0,9.7,1018.3,0.0,0.0,0.0
2023-01-05 18:00:00,11.5,92,0.8,5.0,1019.0,0.0,0.8,0.0
2023-01-05 19:00:00,10.6,95,0.8,4.2,1020.3,0.0,0.8,0.0
2023-01-05 20:00:00,11.1,94,0.2,3.4,1021.2,0.0,0.2,0.0
2023-01-05 21:00:00,8.6,97,0.0,7.2,1021.7,0.0,0.0,0.0
2023-01-05 22:00:00,7.6,98,0.0,7.4,1022.5,0.0,0.0,0.0
2023-01-05 23:00:00,8.1,94,0.0,6.1,1023.2,0.0,0.0,0.0
2023-01-06 00:00:00,7.9,93,0.0,4.8,1023.5,0.0,0.0,0.0
2023-01-06 01:00:00,7.2,92,0.0,4.8,1023.2,0.0,0.0,0.0
2023-01-06 02:00:00,6.7,93,0.0,4.7,1023.0,0.0,0.0,0.0
2023-01-06 03:00:00,6.0,94,0.0,4.4,1022.8,0.0,0.0,0.0
2023-01-06 04:00:00,5.3,93,0.0,5.0,1022.8,0.0,0.0,0.0
2023-01-06 05:00:00,6.8,96,0.0,3.0,1022.3,0.0,0.0,0.0
2023-01-06 06:00:00,6.7,93,0.0,1.8,1022.3,0.0,0.0,0.0
2023-01-06 07:00:00,5.6,97,0.0,5.2,1022.8,0.0,0.0,0.0
2023-01-06 08:00:00,5.6,93,0.0,6.8,1023.5,0.0,0.0,0.0
2023-01-06 09:00:00,7.2,87,0.0,6.0,1024.0,0.0,0.0,0.0
2023-01-06 10:00:00,9.5,84,0.0,4.3,1024.5,0.0,0.0,0.0
2023-01-06 11:00:00,11.4,77,0.0,8.3,1025.1,0.0,0.0,0.0
2023-01-06 12:00:00,12.9,72,0.0,8.2,1024.5,0.0,0.0,0.0
2023-01-06 13:00:00,13.9,67,0.0,4.9,1023.3,0.0,0.0,0.0
2023-01-06 14:00:00,14.6,63,0.0,1.6,1022.7,0.0,0.0,0.0
2023-01-06 15:00:00,15.2,62,0.0,1.6,1022.3,0.0,0.0,0.0
2023-01-06 16:00:00,15.4,64,0.0,7.4,1022.4,0.0,0.0,0.0
2023-01-06 17:00:00,14.4,63,0.0,0.7,1022.1,0.0,0.0,0.0
2023-01-06 18:00:00,11.6,83,0.0,4.2,1021.5,0.0,0.0,0.0
2023-01-06 19:00:00,11.2,81,0.0,4.5,1021.6,0.0,0.0,0.0
2023-01-06 20:00:00,10.0,84,0.0,3.3,1021.4,0.0,0.0,0.0
2023-01-06 21:00:00,9.8,82,0.0,6.6,1022.0,0.0,0.0,0.0
2023-01-06 22:00:00,8.5,82,0.0,7.8,1022.1,0.0,0.0,0.0
2023-01-06 23:00:00,8.5,73,0.0,6.6,1021.9,0.0,0.0,0.0
2023-01-07 00:00:00,7.9,75,0.0,8.9,1021.3,0.0,0.0,0.0
2023-01-07 01:00:00,6.9,78,0.0,5.6,1020.8,0.0,0.0,0.0
2023-01-07 02:00:00,6.9,78,0.0,4.8,1020.5,0.0,0.0,0.0
2023-01-07 03:00:00,6.2,79,0.0,6.4,1020.5,0.0,0.0,0.0
2023-01-07 04:00:00,9.3,56,0.0,4.7,1020.7,0.0,0.0,0.0
2023-01-07 05:00:00,8.8,58,0.0,7.3,1020.7,0.0,0.0,0.0
2023-01-07 06:00:00,9.2,53,0.0,8.6,1020.6,0.0,0.0,0.0
2023-01-07 07:00:00,9.6,49,0.0,8.1,1021.0,0.0,0.0,0.0
2023-01-07 08:00:00,10.2,47,0.0,7.4,1021.3,0.0,0.0,0.0
2023-01-07 09:00:00,10.4,58,0.0,7.1,1021.4,0.0,0.0,0.0
2023-01-07 10:00:00,13.0,45,0.0,4.3,1021.7,0.0,0.0,0.0
2023-01-07 11:00:00,15.0,42,0.0,2.3,1022.0,0.0,0.0,0.0
2023-01-07 12:00:00,15.9,44,0.0,1.8,1021.8,0.0,0.0,0.0
2023-01-07 13:00:00,17.4,45,0.0,2.8,1020.8,0.0,0.0,0.0
2023-01-07 14:00:00,17.8,47,0.0,5.8,1020.5,0.0,0.0,0.0
2023-01-07 15:00:00,18.1,48,0.0,8.9,1020.2,0.0,0.0,0.0
2023-01-07 16:00:00,16.7,57,0.0,10.5,1020.3,0.0,0.0,0.0
2023-01-07 17:00:00,16.6,66,0.0,4.3,1019.3,0.0,0.0,0.0
2023-01-07 18:00:00,13.3,80,0.0,8.9,1019.8,0.0,0.0,0.0
2023-01-07 19:00:00,13.2,77,0.0,4.8,1020.0,0.0,0.0,0.0
2023-01-07 20:00:00,13.4,73,0.0,2.9,1020.2,0.0,0.0,0.0
2023-01-07 21:00:00,11.3,83,0.0,6.6,1020.7,0.0,0.0,0.0
2023-01-07 22:00:00,10.4,80,0.0,6.4,1021.0,0.0,0.0,0.0
2023-01-07 23:00:00,12.8,51,0.0,2.3,1021.0,0.0,0.0,0.0
2023-01-08 00:00:00,9.3,74,0.0,8.3,1021.1,0.0,0.0,0.0
2023-01-08 01:00:00,8.4,84,0.0,8.4,1020.7,0.0,0.0,0.0
2023-01-08 02:00:00,9.2,70,0.0,3.2,1021.1,0.0,0.0,0.0
2023-01-08 03:00:00,10.8,56,0.0,3.2,1021.1,0.0,0.0,0.0
2023-01-08 04:00:00,8.9,60,0.0,5.2,1021.2,0.0,0.0,0.0
2023-01-08 05:00:00,10.3,60,0.0,5.2,1020.6,0.0,0.0,0.0
2023-01-08 06:00:00,10.4,55,0.0,1.9,1021.2,0.0,0.0,0.0
2023-01-08 07:00:00,10.7,47,0.0,2.6,1022.0,0.0,0.0,0.0
2023-01-08 08:00:00,9.0,57,0.2,8.4,1022.1,0.0,0.2,0.0
2023-01-08 09:00:00,9.3,67,0.0,6.4,1022.2,0.0,0.0,0.0
2023-01-08 10:00:00,11.9,66,0.0,6.5,1022.6,0.0,0.0,0.0
2023-01-08 11:00:00,13.5,65,0.0,2.9,1022.9,0.0,0.0,0.0
2023-01-08 12:00:00,14.9,61,0.0,0.5,1022.6,0.0,0.0,0.0
2023-01-08 13:00:00,15.6,58,0.0,1.8,1021.6,0.0,0.0,0.0
2023-01-08 14:00:00,15.8,57,0.0,2.5,1021.0,0.0,0.0,0.0
2023-01-08 15:00:00,16.3,57,0.0,2.9,1020.3,0.0,0.0,0.0
2023-01-08 16:00:00,16.2,59,0.0,2.9,1019.8,0.0,0.0,0.0
2023-01-08 17:00:00,15.6,75,0.0,3.2,1019.8,0.0,0.0,0.0
2023-01-08 18:00:00,15.0,81,0.0,4.6,1019.9,0.0,0.0,0.0
2023-01-08 19:00:00,14.3,79,0.0,5.0,1020.0,0.0,0.0,0.0
2023-01-08 20:00:00,13.3,89,0.0,8.0,1020.7,0.0,0.0,0.0
2023-01-08 21:00:00,12.8,87,0.1,10.2,1021.5,0.0,0.1,0.0
2023-01-08 22:00:00,12.2,86,0.6,8.7,1021.6,0.0,0.6,0.0
2023-01-08 23:00:00,12.3,86,0.1,5.4,1021.4,0.0,0.1,0.0
